Data as of,Start week,End Week,State,Sex,Age group,COVID-19 Deaths
08/12/2020,02/01/2020,08/08/2020,United States,All,Under 1 year,16
08/12/2020,02/01/2020,08/08/2020,United States,All,1-4 years,10
08/12/2020,02/01/2020,08/08/2020,United States,All,5-14 years,23
08/12/2020,02/01/2020,08/08/2020,United States,All,15-24 years,242
08/12/2020,02/01/2020,08/08/2020,United States,All,25-34 years,1133
08/12/2020,02/01/2020,08/08/2020,United States,All,35-44 years,2920
08/12/2020,02/01/2020,08/08/2020,United States,All,45-54 years,7721
08/12/2020,02/01/2020,08/08/2020,United States,All,55-64 years,18579
08/12/2020,02/01/2020,08/08/2020,United States,All,65-74 years,31488
08/12/2020,02/01/2020,08/08/2020,United States,All,75-84 years,39348
08/12/2020,02/01/2020,08/08/2020,United States,All,85 years and over,47712
08/12/2020,02/01/2020,08/08/2020,United States,All,All ages,149192
08/12/2020,02/01/2020,08/08/2020,United States,Male,Under 1 year,11
08/12/2020,02/01/2020,08/08/2020,United States,Male,1-4 years,5
08/12/2020,02/01/2020,08/08/2020,United States,Male,5-14 years,17
08/12/2020,02/01/2020,08/08/2020,United States,Male,15-24 years,154
08/12/2020,02/01/2020,08/08/2020,United States,Male,25-34 years,763
08/12/2020,02/01/2020,08/08/2020,United States,Male,35-44 years,2028
08/12/2020,02/01/2020,08/08/2020,United States,Male,45-54 years,5328
08/12/2020,02/01/2020,08/08/2020,United States,Male,55-64 years,12173
08/12/2020,02/01/2020,08/08/2020,United States,Male,65-74 years,19478
08/12/2020,02/01/2020,08/08/2020,United States,Male,75-84 years,21562
08/12/2020,02/01/2020,08/08/2020,United States,Male,85 years and over,18775
08/12/2020,02/01/2020,08/08/2020,United States,Male,All ages,80294
08/12/2020,02/01/2020,08/08/2020,United States,Female,Under 1 year,5
08/12/2020,02/01/2020,08/08/2020,United States,Female,1-4 years,5
08/12/2020,02/01/2020,08/08/2020,United States,Female,5-14 years,6
08/12/2020,02/01/2020,08/08/2020,United States,Female,15-24 years,88
08/12/2020,02/01/2020,08/08/2020,United States,Female,25-34 years,370
08/12/2020,02/01/2020,08/08/2020,United States,Female,35-44 years,892
08/12/2020,02/01/2020,08/08/2020,United States,Female,45-54 years,2392
08/12/2020,02/01/2020,08/08/2020,United States,Female,55-64 years,6406
08/12/2020,02/01/2020,08/08/2020,United States,Female,65-74 years,12009
08/12/2020,02/01/2020,08/08/2020,United States,Female,75-84 years,17785
08/12/2020,02/01/2020,08/08/2020,United States,Female,85 years and over,28934
08/12/2020,02/01/2020,08/08/2020,United States,Female,All ages,68892
08/12/2020,02/01/2020,08/08/2020,United States,Unknown,All ages,6
08/12/2020,02/01/2020,08/08/2020,United States Total,All,All ages,149192
08/12/2020,02/01/2020,08/08/2020,Alabama,Male,Under 1 year,0
08/12/2020,02/01/2020,08/08/2020,Alabama,Male,1-4 years,0
08/12/2020,02/01/2020,08/08/2020,Alabama,Male,5-14 years,0
08/12/2020,02/01/2020,08/08/2020,Alabama,Male,15-24 years,
08/12/2020,02/01/2020,08/08/2020,Alabama,Male,25-34 years,
08/12/2020,02/01/2020,08/08/2020,Alabama,Male,35-44 years,21
08/12/2020,02/01/2020,08/08/2020,Alabama,Male,45-54 years,68
08/12/2020,02/01/2020,08/08/2020,Alabama,Male,55-64 years,140
08/12/2020,02/01/2020,08/08/2020,Alabama,Male,65-74 years,244
08/12/2020,02/01/2020,08/08/2020,Alabama,Male,75-84 years,265
08/12/2020,02/01/2020,08/08/2020,Alabama,Male,85 years and over,185
08/12/2020,02/01/2020,08/08/2020,Alabama,Male,All ages,934
08/12/2020,02/01/2020,08/08/2020,Alabama,Female,Under 1 year,0
08/12/2020,02/01/2020,08/08/2020,Alabama,Female,1-4 years,0
08/12/2020,02/01/2020,08/08/2020,Alabama,Female,5-14 years,0
08/12/2020,02/01/2020,08/08/2020,Alabama,Female,15-24 years,0
08/12/2020,02/01/2020,08/08/2020,Alabama,Female,25-34 years,
08/12/2020,02/01/2020,08/08/2020,Alabama,Female,35-44 years,20
08/12/2020,02/01/2020,08/08/2020,Alabama,Female,45-54 years,46
08/12/2020,02/01/2020,08/08/2020,Alabama,Female,55-64 years,111
08/12/2020,02/01/2020,08/08/2020,Alabama,Female,65-74 years,212
08/12/2020,02/01/2020,08/08/2020,Alabama,Female,75-84 years,227
08/12/2020,02/01/2020,08/08/2020,Alabama,Female,85 years and over,289
08/12/2020,02/01/2020,08/08/2020,Alabama,Female,All ages,909
08/12/2020,02/01/2020,08/08/2020,Alabama,Unknown,All ages,0
08/12/2020,02/01/2020,08/08/2020,Alabama Total,All,All ages,1843
08/12/2020,02/01/2020,08/08/2020,Alaska,Male,Under 1 year,0
08/12/2020,02/01/2020,08/08/2020,Alaska,Male,1-4 years,0
08/12/2020,02/01/2020,08/08/2020,Alaska,Male,5-14 years,0
08/12/2020,02/01/2020,08/08/2020,Alaska,Male,15-24 years,0
08/12/2020,02/01/2020,08/08/2020,Alaska,Male,25-34 years,0
08/12/2020,02/01/2020,08/08/2020,Alaska,Male,35-44 years,0
08/12/2020,02/01/2020,08/08/2020,Alaska,Male,45-54 years,
08/12/2020,02/01/2020,08/08/2020,Alaska,Male,55-64 years,0
08/12/2020,02/01/2020,08/08/2020,Alaska,Male,65-74 years,
08/12/2020,02/01/2020,08/08/2020,Alaska,Male,75-84 years,
08/12/2020,02/01/2020,08/08/2020,Alaska,Male,85 years and over,
08/12/2020,02/01/2020,08/08/2020,Alaska,Male,All ages,
08/12/2020,02/01/2020,08/08/2020,Alaska,Female,Under 1 year,0
08/12/2020,02/01/2020,08/08/2020,Alaska,Female,1-4 years,0
08/12/2020,02/01/2020,08/08/2020,Alaska,Female,5-14 years,0
08/12/2020,02/01/2020,08/08/2020,Alaska,Female,15-24 years,0
08/12/2020,02/01/2020,08/08/2020,Alaska,Female,25-34 years,
08/12/2020,02/01/2020,08/08/2020,Alaska,Female,35-44 years,0
08/12/2020,02/01/2020,08/08/2020,Alaska,Female,45-54 years,
08/12/2020,02/01/2020,08/08/2020,Alaska,Female,55-64 years,
08/12/2020,02/01/2020,08/08/2020,Alaska,Female,65-74 years,
08/12/2020,02/01/2020,08/08/2020,Alaska,Female,75-84 years,
08/12/2020,02/01/2020,08/08/2020,Alaska,Female,85 years and over,0
08/12/2020,02/01/2020,08/08/2020,Alaska,Female,All ages,
08/12/2020,02/01/2020,08/08/2020,Alaska,Unknown,All ages,0
08/12/2020,02/01/2020,08/08/2020,Alaska Total,All,All ages,17
08/12/2020,02/01/2020,08/08/2020,Arizona,Male,Under 1 year,0
08/12/2020,02/01/2020,08/08/2020,Arizona,Male,1-4 years,
08/12/2020,02/01/2020,08/08/2020,Arizona,Male,5-14 years,
08/12/2020,02/01/2020,08/08/2020,Arizona,Male,15-24 years,11
08/12/2020,02/01/2020,08/08/2020,Arizona,Male,25-34 years,40
08/12/2020,02/01/2020,08/08/2020,Arizona,Male,35-44 years,77
08/12/2020,02/01/2020,08/08/2020,Arizona,Male,45-54 years,168
08/12/2020,02/01/2020,08/08/2020,Arizona,Male,55-64 years,356
08/12/2020,02/01/2020,08/08/2020,Arizona,Male,65-74 years,485
08/12/2020,02/01/2020,08/08/2020,Arizona,Male,75-84 years,574
08/12/2020,02/01/2020,08/08/2020,Arizona,Male,85 years and over,426
08/12/2020,02/01/2020,08/08/2020,Arizona,Male,All ages,2141
08/12/2020,02/01/2020,08/08/2020,Arizona,Female,Under 1 year,0
08/12/2020,02/01/2020,08/08/2020,Arizona,Female,1-4 years,0
08/12/2020,02/01/2020,08/08/2020,Arizona,Female,5-14 years,0
08/12/2020,02/01/2020,08/08/2020,Arizona,Female,15-24 years,
08/12/2020,02/01/2020,08/08/2020,Arizona,Female,25-34 years,20
08/12/2020,02/01/2020,08/08/2020,Arizona,Female,35-44 years,38
08/12/2020,02/01/2020,08/08/2020,Arizona,Female,45-54 years,72
08/12/2020,02/01/2020,08/08/2020,Arizona,Female,55-64 years,214
08/12/2020,02/01/2020,08/08/2020,Arizona,Female,65-74 years,326
08/12/2020,02/01/2020,08/08/2020,Arizona,Female,75-84 years,417
08/12/2020,02/01/2020,08/08/2020,Arizona,Female,85 years and over,478
08/12/2020,02/01/2020,08/08/2020,Arizona,Female,All ages,1569
08/12/2020,02/01/2020,08/08/2020,Arizona,Unknown,All ages,0
08/12/2020,02/01/2020,08/08/2020,Arizona Total,All,All ages,3710
08/12/2020,02/01/2020,08/08/2020,Arkansas,Male,Under 1 year,0
08/12/2020,02/01/2020,08/08/2020,Arkansas,Male,1-4 years,0
08/12/2020,02/01/2020,08/08/2020,Arkansas,Male,5-14 years,0
08/12/2020,02/01/2020,08/08/2020,Arkansas,Male,15-24 years,
08/12/2020,02/01/2020,08/08/2020,Arkansas,Male,25-34 years,
08/12/2020,02/01/2020,08/08/2020,Arkansas,Male,35-44 years,
08/12/2020,02/01/2020,08/08/2020,Arkansas,Male,45-54 years,28
08/12/2020,02/01/2020,08/08/2020,Arkansas,Male,55-64 years,59
08/12/2020,02/01/2020,08/08/2020,Arkansas,Male,65-74 years,61
08/12/2020,02/01/2020,08/08/2020,Arkansas,Male,75-84 years,80
08/12/2020,02/01/2020,08/08/2020,Arkansas,Male,85 years and over,50
08/12/2020,02/01/2020,08/08/2020,Arkansas,Male,All ages,289
08/12/2020,02/01/2020,08/08/2020,Arkansas,Female,Under 1 year,0
08/12/2020,02/01/2020,08/08/2020,Arkansas,Female,1-4 years,0
08/12/2020,02/01/2020,08/08/2020,Arkansas,Female,5-14 years,0
08/12/2020,02/01/2020,08/08/2020,Arkansas,Female,15-24 years,
08/12/2020,02/01/2020,08/08/2020,Arkansas,Female,25-34 years,
08/12/2020,02/01/2020,08/08/2020,Arkansas,Female,35-44 years,
08/12/2020,02/01/2020,08/08/2020,Arkansas,Female,45-54 years,12
08/12/2020,02/01/2020,08/08/2020,Arkansas,Female,55-64 years,27
08/12/2020,02/01/2020,08/08/2020,Arkansas,Female,65-74 years,34
08/12/2020,02/01/2020,08/08/2020,Arkansas,Female,75-84 years,58
08/12/2020,02/01/2020,08/08/2020,Arkansas,Female,85 years and over,95
08/12/2020,02/01/2020,08/08/2020,Arkansas,Female,All ages,241
08/12/2020,02/01/2020,08/08/2020,Arkansas,Unknown,All ages,0
08/12/2020,02/01/2020,08/08/2020,Arkansas Total,All,All ages,530
08/12/2020,02/01/2020,08/08/2020,California,Male,Under 1 year,
08/12/2020,02/01/2020,08/08/2020,California,Male,1-4 years,0
08/12/2020,02/01/2020,08/08/2020,California,Male,5-14 years,0
08/12/2020,02/01/2020,08/08/2020,California,Male,15-24 years,
08/12/2020,02/01/2020,08/08/2020,California,Male,25-34 years,67
08/12/2020,02/01/2020,08/08/2020,California,Male,35-44 years,190
08/12/2020,02/01/2020,08/08/2020,California,Male,45-54 years,457
08/12/2020,02/01/2020,08/08/2020,California,Male,55-64 years,947
08/12/2020,02/01/2020,08/08/2020,California,Male,65-74 years,1351
08/12/2020,02/01/2020,08/08/2020,California,Male,75-84 years,1284
08/12/2020,02/01/2020,08/08/2020,California,Male,85 years and over,1154
08/12/2020,02/01/2020,08/08/2020,California,Male,All ages,5460
08/12/2020,02/01/2020,08/08/2020,California,Female,Under 1 year,0
08/12/2020,02/01/2020,08/08/2020,California,Female,1-4 years,0
08/12/2020,02/01/2020,08/08/2020,California,Female,5-14 years,0
08/12/2020,02/01/2020,08/08/2020,California,Female,15-24 years,
08/12/2020,02/01/2020,08/08/2020,California,Female,25-34 years,30
08/12/2020,02/01/2020,08/08/2020,California,Female,35-44 years,82
08/12/2020,02/01/2020,08/08/2020,California,Female,45-54 years,182
08/12/2020,02/01/2020,08/08/2020,California,Female,55-64 years,383
08/12/2020,02/01/2020,08/08/2020,California,Female,65-74 years,695
08/12/2020,02/01/2020,08/08/2020,California,Female,75-84 years,1009
08/12/2020,02/01/2020,08/08/2020,California,Female,85 years and over,1617
08/12/2020,02/01/2020,08/08/2020,California,Female,All ages,4007
08/12/2020,02/01/2020,08/08/2020,California,Unknown,All ages,0
08/12/2020,02/01/2020,08/08/2020,California Total,All,All ages,9467
08/12/2020,02/01/2020,08/08/2020,Colorado,Male,Under 1 year,0
08/12/2020,02/01/2020,08/08/2020,Colorado,Male,1-4 years,0
08/12/2020,02/01/2020,08/08/2020,Colorado,Male,5-14 years,0
08/12/2020,02/01/2020,08/08/2020,Colorado,Male,15-24 years,
08/12/2020,02/01/2020,08/08/2020,Colorado,Male,25-34 years,
08/12/2020,02/01/2020,08/08/2020,Colorado,Male,35-44 years,17
08/12/2020,02/01/2020,08/08/2020,Colorado,Male,45-54 years,61
08/12/2020,02/01/2020,08/08/2020,Colorado,Male,55-64 years,126
08/12/2020,02/01/2020,08/08/2020,Colorado,Male,65-74 years,222
08/12/2020,02/01/2020,08/08/2020,Colorado,Male,75-84 years,273
08/12/2020,02/01/2020,08/08/2020,Colorado,Male,85 years and over,281
08/12/2020,02/01/2020,08/08/2020,Colorado,Male,All ages,990
08/12/2020,02/01/2020,08/08/2020,Colorado,Female,Under 1 year,0
08/12/2020,02/01/2020,08/08/2020,Colorado,Female,1-4 years,0
08/12/2020,02/01/2020,08/08/2020,Colorado,Female,5-14 years,0
08/12/2020,02/01/2020,08/08/2020,Colorado,Female,15-24 years,
08/12/2020,02/01/2020,08/08/2020,Colorado,Female,25-34 years,
08/12/2020,02/01/2020,08/08/2020,Colorado,Female,35-44 years,
08/12/2020,02/01/2020,08/08/2020,Colorado,Female,45-54 years,20
08/12/2020,02/01/2020,08/08/2020,Colorado,Female,55-64 years,43
08/12/2020,02/01/2020,08/08/2020,Colorado,Female,65-74 years,120
08/12/2020,02/01/2020,08/08/2020,Colorado,Female,75-84 years,209
08/12/2020,02/01/2020,08/08/2020,Colorado,Female,85 years and over,364
08/12/2020,02/01/2020,08/08/2020,Colorado,Female,All ages,766
08/12/2020,02/01/2020,08/08/2020,Colorado,Unknown,All ages,0
08/12/2020,02/01/2020,08/08/2020,Colorado Total,All,All ages,1756
08/12/2020,02/01/2020,08/08/2020,Connecticut,Male,Under 1 year,0
08/12/2020,02/01/2020,08/08/2020,Connecticut,Male,1-4 years,0
08/12/2020,02/01/2020,08/08/2020,Connecticut,Male,5-14 years,0
08/12/2020,02/01/2020,08/08/2020,Connecticut,Male,15-24 years,
08/12/2020,02/01/2020,08/08/2020,Connecticut,Male,25-34 years,
08/12/2020,02/01/2020,08/08/2020,Connecticut,Male,35-44 years,19
08/12/2020,02/01/2020,08/08/2020,Connecticut,Male,45-54 years,71
08/12/2020,02/01/2020,08/08/2020,Connecticut,Male,55-64 years,224
08/12/2020,02/01/2020,08/08/2020,Connecticut,Male,65-74 years,447
08/12/2020,02/01/2020,08/08/2020,Connecticut,Male,75-84 years,557
08/12/2020,02/01/2020,08/08/2020,Connecticut,Male,85 years and over,701
08/12/2020,02/01/2020,08/08/2020,Connecticut,Male,All ages,2029
08/12/2020,02/01/2020,08/08/2020,Connecticut,Female,Under 1 year,0
08/12/2020,02/01/2020,08/08/2020,Connecticut,Female,1-4 years,0
08/12/2020,02/01/2020,08/08/2020,Connecticut,Female,5-14 years,0
08/12/2020,02/01/2020,08/08/2020,Connecticut,Female,15-24 years,
08/12/2020,02/01/2020,08/08/2020,Connecticut,Female,25-34 years,
08/12/2020,02/01/2020,08/08/2020,Connecticut,Female,35-44 years,
08/12/2020,02/01/2020,08/08/2020,Connecticut,Female,45-54 years,26
08/12/2020,02/01/2020,08/08/2020,Connecticut,Female,55-64 years,121
08/12/2020,02/01/2020,08/08/2020,Connecticut,Female,65-74 years,280
08/12/2020,02/01/2020,08/08/2020,Connecticut,Female,75-84 years,555
08/12/2020,02/01/2020,08/08/2020,Connecticut,Female,85 years and over,1203
08/12/2020,02/01/2020,08/08/2020,Connecticut,Female,All ages,2199
08/12/2020,02/01/2020,08/08/2020,Connecticut,Unknown,All ages,0
08/12/2020,02/01/2020,08/08/2020,Connecticut Total,All,All ages,4228
08/12/2020,02/01/2020,08/08/2020,Delaware,Male,Under 1 year,0
08/12/2020,02/01/2020,08/08/2020,Delaware,Male,1-4 years,0
08/12/2020,02/01/2020,08/08/2020,Delaware,Male,5-14 years,0
08/12/2020,02/01/2020,08/08/2020,Delaware,Male,15-24 years,
08/12/2020,02/01/2020,08/08/2020,Delaware,Male,25-34 years,
08/12/2020,02/01/2020,08/08/2020,Delaware,Male,35-44 years,
08/12/2020,02/01/2020,08/08/2020,Delaware,Male,45-54 years,10
08/12/2020,02/01/2020,08/08/2020,Delaware,Male,55-64 years,30
08/12/2020,02/01/2020,08/08/2020,Delaware,Male,65-74 years,69
08/12/2020,02/01/2020,08/08/2020,Delaware,Male,75-84 years,70
08/12/2020,02/01/2020,08/08/2020,Delaware,Male,85 years and over,64
08/12/2020,02/01/2020,08/08/2020,Delaware,Male,All ages,250
08/12/2020,02/01/2020,08/08/2020,Delaware,Female,Under 1 year,0
08/12/2020,02/01/2020,08/08/2020,Delaware,Female,1-4 years,0
08/12/2020,02/01/2020,08/08/2020,Delaware,Female,5-14 years,0
08/12/2020,02/01/2020,08/08/2020,Delaware,Female,15-24 years,
08/12/2020,02/01/2020,08/08/2020,Delaware,Female,25-34 years,
08/12/2020,02/01/2020,08/08/2020,Delaware,Female,35-44 years,
08/12/2020,02/01/2020,08/08/2020,Delaware,Female,45-54 years,15
08/12/2020,02/01/2020,08/08/2020,Delaware,Female,55-64 years,22
08/12/2020,02/01/2020,08/08/2020,Delaware,Female,65-74 years,42
08/12/2020,02/01/2020,08/08/2020,Delaware,Female,75-84 years,68
08/12/2020,02/01/2020,08/08/2020,Delaware,Female,85 years and over,129
08/12/2020,02/01/2020,08/08/2020,Delaware,Female,All ages,283
08/12/2020,02/01/2020,08/08/2020,Delaware,Unknown,All ages,0
08/12/2020,02/01/2020,08/08/2020,Delaware Total,All,All ages,533
08/12/2020,02/01/2020,08/08/2020,District of Columbia,Male,Under 1 year,
08/12/2020,02/01/2020,08/08/2020,District of Columbia,Male,1-4 years,0
08/12/2020,02/01/2020,08/08/2020,District of Columbia,Male,5-14 years,0
08/12/2020,02/01/2020,08/08/2020,District of Columbia,Male,15-24 years,0
08/12/2020,02/01/2020,08/08/2020,District of Columbia,Male,25-34 years,
08/12/2020,02/01/2020,08/08/2020,District of Columbia,Male,35-44 years,18
08/12/2020,02/01/2020,08/08/2020,District of Columbia,Male,45-54 years,41
08/12/2020,02/01/2020,08/08/2020,District of Columbia,Male,55-64 years,77
08/12/2020,02/01/2020,08/08/2020,District of Columbia,Male,65-74 years,122
08/12/2020,02/01/2020,08/08/2020,District of Columbia,Male,75-84 years,83
08/12/2020,02/01/2020,08/08/2020,District of Columbia,Male,85 years and over,57
08/12/2020,02/01/2020,08/08/2020,District of Columbia,Male,All ages,403
08/12/2020,02/01/2020,08/08/2020,District of Columbia,Female,Under 1 year,0
08/12/2020,02/01/2020,08/08/2020,District of Columbia,Female,1-4 years,0
08/12/2020,02/01/2020,08/08/2020,District of Columbia,Female,5-14 years,0
08/12/2020,02/01/2020,08/08/2020,District of Columbia,Female,15-24 years,
08/12/2020,02/01/2020,08/08/2020,District of Columbia,Female,25-34 years,
08/12/2020,02/01/2020,08/08/2020,District of Columbia,Female,35-44 years,
08/12/2020,02/01/2020,08/08/2020,District of Columbia,Female,45-54 years,21
08/12/2020,02/01/2020,08/08/2020,District of Columbia,Female,55-64 years,47
08/12/2020,02/01/2020,08/08/2020,District of Columbia,Female,65-74 years,65
08/12/2020,02/01/2020,08/08/2020,District of Columbia,Female,75-84 years,60
08/12/2020,02/01/2020,08/08/2020,District of Columbia,Female,85 years and over,84
08/12/2020,02/01/2020,08/08/2020,District of Columbia,Female,All ages,284
08/12/2020,02/01/2020,08/08/2020,District of Columbia,Unknown,All ages,0
08/12/2020,02/01/2020,08/08/2020,District of Columbia Total,All,All ages,687
08/12/2020,02/01/2020,08/08/2020,Florida,Male,Under 1 year,0
08/12/2020,02/01/2020,08/08/2020,Florida,Male,1-4 years,0
08/12/2020,02/01/2020,08/08/2020,Florida,Male,5-14 years,
08/12/2020,02/01/2020,08/08/2020,Florida,Male,15-24 years,
08/12/2020,02/01/2020,08/08/2020,Florida,Male,25-34 years,27
08/12/2020,02/01/2020,08/08/2020,Florida,Male,35-44 years,103
08/12/2020,02/01/2020,08/08/2020,Florida,Male,45-54 years,210
08/12/2020,02/01/2020,08/08/2020,Florida,Male,55-64 years,476
08/12/2020,02/01/2020,08/08/2020,Florida,Male,65-74 years,883
08/12/2020,02/01/2020,08/08/2020,Florida,Male,75-84 years,1135
08/12/2020,02/01/2020,08/08/2020,Florida,Male,85 years and over,996
08/12/2020,02/01/2020,08/08/2020,Florida,Male,All ages,3839
08/12/2020,02/01/2020,08/08/2020,Florida,Female,Under 1 year,0
08/12/2020,02/01/2020,08/08/2020,Florida,Female,1-4 years,0
08/12/2020,02/01/2020,08/08/2020,Florida,Female,5-14 years,
08/12/2020,02/01/2020,08/08/2020,Florida,Female,15-24 years,
08/12/2020,02/01/2020,08/08/2020,Florida,Female,25-34 years,18
08/12/2020,02/01/2020,08/08/2020,Florida,Female,35-44 years,50
08/12/2020,02/01/2020,08/08/2020,Florida,Female,45-54 years,97
08/12/2020,02/01/2020,08/08/2020,Florida,Female,55-64 years,250
08/12/2020,02/01/2020,08/08/2020,Florida,Female,65-74 years,567
08/12/2020,02/01/2020,08/08/2020,Florida,Female,75-84 years,877
08/12/2020,02/01/2020,08/08/2020,Florida,Female,85 years and over,1286
08/12/2020,02/01/2020,08/08/2020,Florida,Female,All ages,3152
08/12/2020,02/01/2020,08/08/2020,Florida,Unknown,All ages,0
08/12/2020,02/01/2020,08/08/2020,Florida Total,All,All ages,6991
08/12/2020,02/01/2020,08/08/2020,Georgia,Male,Under 1 year,
08/12/2020,02/01/2020,08/08/2020,Georgia,Male,1-4 years,0
08/12/2020,02/01/2020,08/08/2020,Georgia,Male,5-14 years,0
08/12/2020,02/01/2020,08/08/2020,Georgia,Male,15-24 years,
08/12/2020,02/01/2020,08/08/2020,Georgia,Male,25-34 years,25
08/12/2020,02/01/2020,08/08/2020,Georgia,Male,35-44 years,35
08/12/2020,02/01/2020,08/08/2020,Georgia,Male,45-54 years,125
08/12/2020,02/01/2020,08/08/2020,Georgia,Male,55-64 years,275
08/12/2020,02/01/2020,08/08/2020,Georgia,Male,65-74 years,464
08/12/2020,02/01/2020,08/08/2020,Georgia,Male,75-84 years,487
08/12/2020,02/01/2020,08/08/2020,Georgia,Male,85 years and over,317
08/12/2020,02/01/2020,08/08/2020,Georgia,Male,All ages,1733
08/12/2020,02/01/2020,08/08/2020,Georgia,Female,Under 1 year,0
08/12/2020,02/01/2020,08/08/2020,Georgia,Female,1-4 years,0
08/12/2020,02/01/2020,08/08/2020,Georgia,Female,5-14 years,0
08/12/2020,02/01/2020,08/08/2020,Georgia,Female,15-24 years,
08/12/2020,02/01/2020,08/08/2020,Georgia,Female,25-34 years,13
08/12/2020,02/01/2020,08/08/2020,Georgia,Female,35-44 years,33
08/12/2020,02/01/2020,08/08/2020,Georgia,Female,45-54 years,72
08/12/2020,02/01/2020,08/08/2020,Georgia,Female,55-64 years,177
08/12/2020,02/01/2020,08/08/2020,Georgia,Female,65-74 years,313
08/12/2020,02/01/2020,08/08/2020,Georgia,Female,75-84 years,419
08/12/2020,02/01/2020,08/08/2020,Georgia,Female,85 years and over,522
08/12/2020,02/01/2020,08/08/2020,Georgia,Female,All ages,1553
08/12/2020,02/01/2020,08/08/2020,Georgia,Unknown,All ages,0
08/12/2020,02/01/2020,08/08/2020,Georgia Total,All,All ages,3286
08/12/2020,02/01/2020,08/08/2020,Hawaii,Male,Under 1 year,0
08/12/2020,02/01/2020,08/08/2020,Hawaii,Male,1-4 years,0
08/12/2020,02/01/2020,08/08/2020,Hawaii,Male,5-14 years,0
08/12/2020,02/01/2020,08/08/2020,Hawaii,Male,15-24 years,0
08/12/2020,02/01/2020,08/08/2020,Hawaii,Male,25-34 years,0
08/12/2020,02/01/2020,08/08/2020,Hawaii,Male,35-44 years,0
08/12/2020,02/01/2020,08/08/2020,Hawaii,Male,45-54 years,
08/12/2020,02/01/2020,08/08/2020,Hawaii,Male,55-64 years,
08/12/2020,02/01/2020,08/08/2020,Hawaii,Male,65-74 years,
08/12/2020,02/01/2020,08/08/2020,Hawaii,Male,75-84 years,
08/12/2020,02/01/2020,08/08/2020,Hawaii,Male,85 years and over,
08/12/2020,02/01/2020,08/08/2020,Hawaii,Male,All ages,13
08/12/2020,02/01/2020,08/08/2020,Hawaii,Female,Under 1 year,0
08/12/2020,02/01/2020,08/08/2020,Hawaii,Female,1-4 years,0
08/12/2020,02/01/2020,08/08/2020,Hawaii,Female,5-14 years,0
08/12/2020,02/01/2020,08/08/2020,Hawaii,Female,15-24 years,0
08/12/2020,02/01/2020,08/08/2020,Hawaii,Female,25-34 years,
08/12/2020,02/01/2020,08/08/2020,Hawaii,Female,35-44 years,0
08/12/2020,02/01/2020,08/08/2020,Hawaii,Female,45-54 years,
08/12/2020,02/01/2020,08/08/2020,Hawaii,Female,55-64 years,0
08/12/2020,02/01/2020,08/08/2020,Hawaii,Female,65-74 years,0
08/12/2020,02/01/2020,08/08/2020,Hawaii,Female,75-84 years,
08/12/2020,02/01/2020,08/08/2020,Hawaii,Female,85 years and over,
08/12/2020,02/01/2020,08/08/2020,Hawaii,Female,All ages,10
08/12/2020,02/01/2020,08/08/2020,Hawaii,Unknown,All ages,0
08/12/2020,02/01/2020,08/08/2020,Hawaii Total,All,All ages,23
08/12/2020,02/01/2020,08/08/2020,Idaho,Male,Under 1 year,0
08/12/2020,02/01/2020,08/08/2020,Idaho,Male,1-4 years,0
08/12/2020,02/01/2020,08/08/2020,Idaho,Male,5-14 years,0
08/12/2020,02/01/2020,08/08/2020,Idaho,Male,15-24 years,0
08/12/2020,02/01/2020,08/08/2020,Idaho,Male,25-34 years,0
08/12/2020,02/01/2020,08/08/2020,Idaho,Male,35-44 years,
08/12/2020,02/01/2020,08/08/2020,Idaho,Male,45-54 years,
08/12/2020,02/01/2020,08/08/2020,Idaho,Male,55-64 years,
08/12/2020,02/01/2020,08/08/2020,Idaho,Male,65-74 years,17
08/12/2020,02/01/2020,08/08/2020,Idaho,Male,75-84 years,43
08/12/2020,02/01/2020,08/08/2020,Idaho,Male,85 years and over,36
08/12/2020,02/01/2020,08/08/2020,Idaho,Male,All ages,110
08/12/2020,02/01/2020,08/08/2020,Idaho,Female,Under 1 year,0
08/12/2020,02/01/2020,08/08/2020,Idaho,Female,1-4 years,0
08/12/2020,02/01/2020,08/08/2020,Idaho,Female,5-14 years,0
08/12/2020,02/01/2020,08/08/2020,Idaho,Female,15-24 years,0
08/12/2020,02/01/2020,08/08/2020,Idaho,Female,25-34 years,0
08/12/2020,02/01/2020,08/08/2020,Idaho,Female,35-44 years,
08/12/2020,02/01/2020,08/08/2020,Idaho,Female,45-54 years,
08/12/2020,02/01/2020,08/08/2020,Idaho,Female,55-64 years,
08/12/2020,02/01/2020,08/08/2020,Idaho,Female,65-74 years,17
08/12/2020,02/01/2020,08/08/2020,Idaho,Female,75-84 years,26
08/12/2020,02/01/2020,08/08/2020,Idaho,Female,85 years and over,48
08/12/2020,02/01/2020,08/08/2020,Idaho,Female,All ages,100
08/12/2020,02/01/2020,08/08/2020,Idaho,Unknown,All ages,0
08/12/2020,02/01/2020,08/08/2020,Idaho Total,All,All ages,210
08/12/2020,02/01/2020,08/08/2020,Illinois,Male,Under 1 year,
08/12/2020,02/01/2020,08/08/2020,Illinois,Male,1-4 years,0
08/12/2020,02/01/2020,08/08/2020,Illinois,Male,5-14 years,
08/12/2020,02/01/2020,08/08/2020,Illinois,Male,15-24 years,
08/12/2020,02/01/2020,08/08/2020,Illinois,Male,25-34 years,42
08/12/2020,02/01/2020,08/08/2020,Illinois,Male,35-44 years,122
08/12/2020,02/01/2020,08/08/2020,Illinois,Male,45-54 years,293
08/12/2020,02/01/2020,08/08/2020,Illinois,Male,55-64 years,590
08/12/2020,02/01/2020,08/08/2020,Illinois,Male,65-74 years,968
08/12/2020,02/01/2020,08/08/2020,Illinois,Male,75-84 years,990
08/12/2020,02/01/2020,08/08/2020,Illinois,Male,85 years and over,807
08/12/2020,02/01/2020,08/08/2020,Illinois,Male,All ages,3821
08/12/2020,02/01/2020,08/08/2020,Illinois,Female,Under 1 year,
08/12/2020,02/01/2020,08/08/2020,Illinois,Female,1-4 years,0
08/12/2020,02/01/2020,08/08/2020,Illinois,Female,5-14 years,0
08/12/2020,02/01/2020,08/08/2020,Illinois,Female,15-24 years,
08/12/2020,02/01/2020,08/08/2020,Illinois,Female,25-34 years,19
08/12/2020,02/01/2020,08/08/2020,Illinois,Female,35-44 years,45
08/12/2020,02/01/2020,08/08/2020,Illinois,Female,45-54 years,115
08/12/2020,02/01/2020,08/08/2020,Illinois,Female,55-64 years,306
08/12/2020,02/01/2020,08/08/2020,Illinois,Female,65-74 years,543
08/12/2020,02/01/2020,08/08/2020,Illinois,Female,75-84 years,762
08/12/2020,02/01/2020,08/08/2020,Illinois,Female,85 years and over,1353
08/12/2020,02/01/2020,08/08/2020,Illinois,Female,All ages,3150
08/12/2020,02/01/2020,08/08/2020,Illinois,Unknown,All ages,0
08/12/2020,02/01/2020,08/08/2020,Illinois Total,All,All ages,6971
08/12/2020,02/01/2020,08/08/2020,Indiana,Male,Under 1 year,0
08/12/2020,02/01/2020,08/08/2020,Indiana,Male,1-4 years,
08/12/2020,02/01/2020,08/08/2020,Indiana,Male,5-14 years,0
08/12/2020,02/01/2020,08/08/2020,Indiana,Male,15-24 years,
08/12/2020,02/01/2020,08/08/2020,Indiana,Male,25-34 years,10
08/12/2020,02/01/2020,08/08/2020,Indiana,Male,35-44 years,15
08/12/2020,02/01/2020,08/08/2020,Indiana,Male,45-54 years,50
08/12/2020,02/01/2020,08/08/2020,Indiana,Male,55-64 years,179
08/12/2020,02/01/2020,08/08/2020,Indiana,Male,65-74 years,392
08/12/2020,02/01/2020,08/08/2020,Indiana,Male,75-84 years,418
08/12/2020,02/01/2020,08/08/2020,Indiana,Male,85 years and over,401
08/12/2020,02/01/2020,08/08/2020,Indiana,Male,All ages,1467
08/12/2020,02/01/2020,08/08/2020,Indiana,Female,Under 1 year,0
08/12/2020,02/01/2020,08/08/2020,Indiana,Female,1-4 years,0
08/12/2020,02/01/2020,08/08/2020,Indiana,Female,5-14 years,0
08/12/2020,02/01/2020,08/08/2020,Indiana,Female,15-24 years,
08/12/2020,02/01/2020,08/08/2020,Indiana,Female,25-34 years,
08/12/2020,02/01/2020,08/08/2020,Indiana,Female,35-44 years,15
08/12/2020,02/01/2020,08/08/2020,Indiana,Female,45-54 years,34
08/12/2020,02/01/2020,08/08/2020,Indiana,Female,55-64 years,103
08/12/2020,02/01/2020,08/08/2020,Indiana,Female,65-74 years,227
08/12/2020,02/01/2020,08/08/2020,Indiana,Female,75-84 years,419
08/12/2020,02/01/2020,08/08/2020,Indiana,Female,85 years and over,643
08/12/2020,02/01/2020,08/08/2020,Indiana,Female,All ages,1444
08/12/2020,02/01/2020,08/08/2020,Indiana,Unknown,All ages,0
08/12/2020,02/01/2020,08/08/2020,Indiana Total,All,All ages,2911
08/12/2020,02/01/2020,08/08/2020,Iowa,Male,Under 1 year,0
08/12/2020,02/01/2020,08/08/2020,Iowa,Male,1-4 years,0
08/12/2020,02/01/2020,08/08/2020,Iowa,Male,5-14 years,0
08/12/2020,02/01/2020,08/08/2020,Iowa,Male,15-24 years,0
08/12/2020,02/01/2020,08/08/2020,Iowa,Male,25-34 years,
08/12/2020,02/01/2020,08/08/2020,Iowa,Male,35-44 years,
08/12/2020,02/01/2020,08/08/2020,Iowa,Male,45-54 years,27
08/12/2020,02/01/2020,08/08/2020,Iowa,Male,55-64 years,76
08/12/2020,02/01/2020,08/08/2020,Iowa,Male,65-74 years,117
08/12/2020,02/01/2020,08/08/2020,Iowa,Male,75-84 years,112
08/12/2020,02/01/2020,08/08/2020,Iowa,Male,85 years and over,140
08/12/2020,02/01/2020,08/08/2020,Iowa,Male,All ages,485
08/12/2020,02/01/2020,08/08/2020,Iowa,Female,Under 1 year,
08/12/2020,02/01/2020,08/08/2020,Iowa,Female,1-4 years,0
08/12/2020,02/01/2020,08/08/2020,Iowa,Female,5-14 years,0
08/12/2020,02/01/2020,08/08/2020,Iowa,Female,15-24 years,
08/12/2020,02/01/2020,08/08/2020,Iowa,Female,25-34 years,
08/12/2020,02/01/2020,08/08/2020,Iowa,Female,35-44 years,
08/12/2020,02/01/2020,08/08/2020,Iowa,Female,45-54 years,10
08/12/2020,02/01/2020,08/08/2020,Iowa,Female,55-64 years,45
08/12/2020,02/01/2020,08/08/2020,Iowa,Female,65-74 years,78
08/12/2020,02/01/2020,08/08/2020,Iowa,Female,75-84 years,103
08/12/2020,02/01/2020,08/08/2020,Iowa,Female,85 years and over,172
08/12/2020,02/01/2020,08/08/2020,Iowa,Female,All ages,419
08/12/2020,02/01/2020,08/08/2020,Iowa,Unknown,All ages,0
08/12/2020,02/01/2020,08/08/2020,Iowa Total,All,All ages,904
08/12/2020,02/01/2020,08/08/2020,Kansas,Male,Under 1 year,0
08/12/2020,02/01/2020,08/08/2020,Kansas,Male,1-4 years,0
08/12/2020,02/01/2020,08/08/2020,Kansas,Male,5-14 years,0
08/12/2020,02/01/2020,08/08/2020,Kansas,Male,15-24 years,
08/12/2020,02/01/2020,08/08/2020,Kansas,Male,25-34 years,
08/12/2020,02/01/2020,08/08/2020,Kansas,Male,35-44 years,
08/12/2020,02/01/2020,08/08/2020,Kansas,Male,45-54 years,14
08/12/2020,02/01/2020,08/08/2020,Kansas,Male,55-64 years,38
08/12/2020,02/01/2020,08/08/2020,Kansas,Male,65-74 years,46
08/12/2020,02/01/2020,08/08/2020,Kansas,Male,75-84 years,56
08/12/2020,02/01/2020,08/08/2020,Kansas,Male,85 years and over,50
08/12/2020,02/01/2020,08/08/2020,Kansas,Male,All ages,215
08/12/2020,02/01/2020,08/08/2020,Kansas,Female,Under 1 year,0
08/12/2020,02/01/2020,08/08/2020,Kansas,Female,1-4 years,0
08/12/2020,02/01/2020,08/08/2020,Kansas,Female,5-14 years,0
08/12/2020,02/01/2020,08/08/2020,Kansas,Female,15-24 years,
08/12/2020,02/01/2020,08/08/2020,Kansas,Female,25-34 years,
08/12/2020,02/01/2020,08/08/2020,Kansas,Female,35-44 years,
08/12/2020,02/01/2020,08/08/2020,Kansas,Female,45-54 years,
08/12/2020,02/01/2020,08/08/2020,Kansas,Female,55-64 years,18
08/12/2020,02/01/2020,08/08/2020,Kansas,Female,65-74 years,26
08/12/2020,02/01/2020,08/08/2020,Kansas,Female,75-84 years,34
08/12/2020,02/01/2020,08/08/2020,Kansas,Female,85 years and over,84
08/12/2020,02/01/2020,08/08/2020,Kansas,Female,All ages,170
08/12/2020,02/01/2020,08/08/2020,Kansas,Unknown,All ages,0
08/12/2020,02/01/2020,08/08/2020,Kansas Total,All,All ages,385
08/12/2020,02/01/2020,08/08/2020,Kentucky,Male,Under 1 year,0
08/12/2020,02/01/2020,08/08/2020,Kentucky,Male,1-4 years,0
08/12/2020,02/01/2020,08/08/2020,Kentucky,Male,5-14 years,0
08/12/2020,02/01/2020,08/08/2020,Kentucky,Male,15-24 years,0
08/12/2020,02/01/2020,08/08/2020,Kentucky,Male,25-34 years,
08/12/2020,02/01/2020,08/08/2020,Kentucky,Male,35-44 years,11
08/12/2020,02/01/2020,08/08/2020,Kentucky,Male,45-54 years,17
08/12/2020,02/01/2020,08/08/2020,Kentucky,Male,55-64 years,45
08/12/2020,02/01/2020,08/08/2020,Kentucky,Male,65-74 years,106
08/12/2020,02/01/2020,08/08/2020,Kentucky,Male,75-84 years,80
08/12/2020,02/01/2020,08/08/2020,Kentucky,Male,85 years and over,78
08/12/2020,02/01/2020,08/08/2020,Kentucky,Male,All ages,339
08/12/2020,02/01/2020,08/08/2020,Kentucky,Female,Under 1 year,0
08/12/2020,02/01/2020,08/08/2020,Kentucky,Female,1-4 years,0
08/12/2020,02/01/2020,08/08/2020,Kentucky,Female,5-14 years,0
08/12/2020,02/01/2020,08/08/2020,Kentucky,Female,15-24 years,0
08/12/2020,02/01/2020,08/08/2020,Kentucky,Female,25-34 years,
08/12/2020,02/01/2020,08/08/2020,Kentucky,Female,35-44 years,
08/12/2020,02/01/2020,08/08/2020,Kentucky,Female,45-54 years,12
08/12/2020,02/01/2020,08/08/2020,Kentucky,Female,55-64 years,36
08/12/2020,02/01/2020,08/08/2020,Kentucky,Female,65-74 years,59
08/12/2020,02/01/2020,08/08/2020,Kentucky,Female,75-84 years,102
08/12/2020,02/01/2020,08/08/2020,Kentucky,Female,85 years and over,196
08/12/2020,02/01/2020,08/08/2020,Kentucky,Female,All ages,408
08/12/2020,02/01/2020,08/08/2020,Kentucky,Unknown,All ages,0
08/12/2020,02/01/2020,08/08/2020,Kentucky Total,All,All ages,747
08/12/2020,02/01/2020,08/08/2020,Louisiana,Male,Under 1 year,0
08/12/2020,02/01/2020,08/08/2020,Louisiana,Male,1-4 years,
08/12/2020,02/01/2020,08/08/2020,Louisiana,Male,5-14 years,
08/12/2020,02/01/2020,08/08/2020,Louisiana,Male,15-24 years,
08/12/2020,02/01/2020,08/08/2020,Louisiana,Male,25-34 years,11
08/12/2020,02/01/2020,08/08/2020,Louisiana,Male,35-44 years,47
08/12/2020,02/01/2020,08/08/2020,Louisiana,Male,45-54 years,124
08/12/2020,02/01/2020,08/08/2020,Louisiana,Male,55-64 years,285
08/12/2020,02/01/2020,08/08/2020,Louisiana,Male,65-74 years,468
08/12/2020,02/01/2020,08/08/2020,Louisiana,Male,75-84 years,553
08/12/2020,02/01/2020,08/08/2020,Louisiana,Male,85 years and over,381
08/12/2020,02/01/2020,08/08/2020,Louisiana,Male,All ages,1876
08/12/2020,02/01/2020,08/08/2020,Louisiana,Female,Under 1 year,
08/12/2020,02/01/2020,08/08/2020,Louisiana,Female,1-4 years,0
08/12/2020,02/01/2020,08/08/2020,Louisiana,Female,5-14 years,0
08/12/2020,02/01/2020,08/08/2020,Louisiana,Female,15-24 years,
08/12/2020,02/01/2020,08/08/2020,Louisiana,Female,25-34 years,13
08/12/2020,02/01/2020,08/08/2020,Louisiana,Female,35-44 years,38
08/12/2020,02/01/2020,08/08/2020,Louisiana,Female,45-54 years,76
08/12/2020,02/01/2020,08/08/2020,Louisiana,Female,55-64 years,212
08/12/2020,02/01/2020,08/08/2020,Louisiana,Female,65-74 years,301
08/12/2020,02/01/2020,08/08/2020,Louisiana,Female,75-84 years,479
08/12/2020,02/01/2020,08/08/2020,Louisiana,Female,85 years and over,544
08/12/2020,02/01/2020,08/08/2020,Louisiana,Female,All ages,1666
08/12/2020,02/01/2020,08/08/2020,Louisiana,Unknown,All ages,0
08/12/2020,02/01/2020,08/08/2020,Louisiana Total,All,All ages,3542
08/12/2020,02/01/2020,08/08/2020,Maine,Male,Under 1 year,0
08/12/2020,02/01/2020,08/08/2020,Maine,Male,1-4 years,0
08/12/2020,02/01/2020,08/08/2020,Maine,Male,5-14 years,0
08/12/2020,02/01/2020,08/08/2020,Maine,Male,15-24 years,0
08/12/2020,02/01/2020,08/08/2020,Maine,Male,25-34 years,0
08/12/2020,02/01/2020,08/08/2020,Maine,Male,35-44 years,
08/12/2020,02/01/2020,08/08/2020,Maine,Male,45-54 years,
08/12/2020,02/01/2020,08/08/2020,Maine,Male,55-64 years,
08/12/2020,02/01/2020,08/08/2020,Maine,Male,65-74 years,17
08/12/2020,02/01/2020,08/08/2020,Maine,Male,75-84 years,20
08/12/2020,02/01/2020,08/08/2020,Maine,Male,85 years and over,19
08/12/2020,02/01/2020,08/08/2020,Maine,Male,All ages,66
08/12/2020,02/01/2020,08/08/2020,Maine,Female,Under 1 year,0
08/12/2020,02/01/2020,08/08/2020,Maine,Female,1-4 years,0
08/12/2020,02/01/2020,08/08/2020,Maine,Female,5-14 years,0
08/12/2020,02/01/2020,08/08/2020,Maine,Female,15-24 years,0
08/12/2020,02/01/2020,08/08/2020,Maine,Female,25-34 years,0
08/12/2020,02/01/2020,08/08/2020,Maine,Female,35-44 years,
08/12/2020,02/01/2020,08/08/2020,Maine,Female,45-54 years,
08/12/2020,02/01/2020,08/08/2020,Maine,Female,55-64 years,
08/12/2020,02/01/2020,08/08/2020,Maine,Female,65-74 years,
08/12/2020,02/01/2020,08/08/2020,Maine,Female,75-84 years,22
08/12/2020,02/01/2020,08/08/2020,Maine,Female,85 years and over,37
08/12/2020,02/01/2020,08/08/2020,Maine,Female,All ages,73
08/12/2020,02/01/2020,08/08/2020,Maine,Unknown,All ages,0
08/12/2020,02/01/2020,08/08/2020,Maine Total,All,All ages,139
08/12/2020,02/01/2020,08/08/2020,Maryland,Male,Under 1 year,0
08/12/2020,02/01/2020,08/08/2020,Maryland,Male,1-4 years,0
08/12/2020,02/01/2020,08/08/2020,Maryland,Male,5-14 years,0
08/12/2020,02/01/2020,08/08/2020,Maryland,Male,15-24 years,
08/12/2020,02/01/2020,08/08/2020,Maryland,Male,25-34 years,27
08/12/2020,02/01/2020,08/08/2020,Maryland,Male,35-44 years,61
08/12/2020,02/01/2020,08/08/2020,Maryland,Male,45-54 years,118
08/12/2020,02/01/2020,08/08/2020,Maryland,Male,55-64 years,302
08/12/2020,02/01/2020,08/08/2020,Maryland,Male,65-74 years,419
08/12/2020,02/01/2020,08/08/2020,Maryland,Male,75-84 years,551
08/12/2020,02/01/2020,08/08/2020,Maryland,Male,85 years and over,465
08/12/2020,02/01/2020,08/08/2020,Maryland,Male,All ages,1947
08/12/2020,02/01/2020,08/08/2020,Maryland,Female,Under 1 year,0
08/12/2020,02/01/2020,08/08/2020,Maryland,Female,1-4 years,0
08/12/2020,02/01/2020,08/08/2020,Maryland,Female,5-14 years,0
08/12/2020,02/01/2020,08/08/2020,Maryland,Female,15-24 years,
08/12/2020,02/01/2020,08/08/2020,Maryland,Female,25-34 years,
08/12/2020,02/01/2020,08/08/2020,Maryland,Female,35-44 years,22
08/12/2020,02/01/2020,08/08/2020,Maryland,Female,45-54 years,72
08/12/2020,02/01/2020,08/08/2020,Maryland,Female,55-64 years,165
08/12/2020,02/01/2020,08/08/2020,Maryland,Female,65-74 years,332
08/12/2020,02/01/2020,08/08/2020,Maryland,Female,75-84 years,494
08/12/2020,02/01/2020,08/08/2020,Maryland,Female,85 years and over,779
08/12/2020,02/01/2020,08/08/2020,Maryland,Female,All ages,1875
08/12/2020,02/01/2020,08/08/2020,Maryland,Unknown,All ages,0
08/12/2020,02/01/2020,08/08/2020,Maryland Total,All,All ages,3822
08/12/2020,02/01/2020,08/08/2020,Massachusetts,Male,Under 1 year,0
08/12/2020,02/01/2020,08/08/2020,Massachusetts,Male,1-4 years,0
08/12/2020,02/01/2020,08/08/2020,Massachusetts,Male,5-14 years,0
08/12/2020,02/01/2020,08/08/2020,Massachusetts,Male,15-24 years,
08/12/2020,02/01/2020,08/08/2020,Massachusetts,Male,25-34 years,12
08/12/2020,02/01/2020,08/08/2020,Massachusetts,Male,35-44 years,30
08/12/2020,02/01/2020,08/08/2020,Massachusetts,Male,45-54 years,96
08/12/2020,02/01/2020,08/08/2020,Massachusetts,Male,55-64 years,334
08/12/2020,02/01/2020,08/08/2020,Massachusetts,Male,65-74 years,723
08/12/2020,02/01/2020,08/08/2020,Massachusetts,Male,75-84 years,1124
08/12/2020,02/01/2020,08/08/2020,Massachusetts,Male,85 years and over,1358
08/12/2020,02/01/2020,08/08/2020,Massachusetts,Male,All ages,3682
08/12/2020,02/01/2020,08/08/2020,Massachusetts,Female,Under 1 year,0
08/12/2020,02/01/2020,08/08/2020,Massachusetts,Female,1-4 years,0
08/12/2020,02/01/2020,08/08/2020,Massachusetts,Female,5-14 years,0
08/12/2020,02/01/2020,08/08/2020,Massachusetts,Female,15-24 years,
08/12/2020,02/01/2020,08/08/2020,Massachusetts,Female,25-34 years,
08/12/2020,02/01/2020,08/08/2020,Massachusetts,Female,35-44 years,13
08/12/2020,02/01/2020,08/08/2020,Massachusetts,Female,45-54 years,64
08/12/2020,02/01/2020,08/08/2020,Massachusetts,Female,55-64 years,198
08/12/2020,02/01/2020,08/08/2020,Massachusetts,Female,65-74 years,485
08/12/2020,02/01/2020,08/08/2020,Massachusetts,Female,75-84 years,1034
08/12/2020,02/01/2020,08/08/2020,Massachusetts,Female,85 years and over,2388
08/12/2020,02/01/2020,08/08/2020,Massachusetts,Female,All ages,4190
08/12/2020,02/01/2020,08/08/2020,Massachusetts,Unknown,All ages,0
08/12/2020,02/01/2020,08/08/2020,Massachusetts Total,All,All ages,7872
08/12/2020,02/01/2020,08/08/2020,Michigan,Male,Under 1 year,0
08/12/2020,02/01/2020,08/08/2020,Michigan,Male,1-4 years,0
08/12/2020,02/01/2020,08/08/2020,Michigan,Male,5-14 years,0
08/12/2020,02/01/2020,08/08/2020,Michigan,Male,15-24 years,
08/12/2020,02/01/2020,08/08/2020,Michigan,Male,25-34 years,27
08/12/2020,02/01/2020,08/08/2020,Michigan,Male,35-44 years,58
08/12/2020,02/01/2020,08/08/2020,Michigan,Male,45-54 years,208
08/12/2020,02/01/2020,08/08/2020,Michigan,Male,55-64 years,436
08/12/2020,02/01/2020,08/08/2020,Michigan,Male,65-74 years,811
08/12/2020,02/01/2020,08/08/2020,Michigan,Male,75-84 years,840
08/12/2020,02/01/2020,08/08/2020,Michigan,Male,85 years and over,655
08/12/2020,02/01/2020,08/08/2020,Michigan,Male,All ages,3038
08/12/2020,02/01/2020,08/08/2020,Michigan,Female,Under 1 year,0
08/12/2020,02/01/2020,08/08/2020,Michigan,Female,1-4 years,0
08/12/2020,02/01/2020,08/08/2020,Michigan,Female,5-14 years,
08/12/2020,02/01/2020,08/08/2020,Michigan,Female,15-24 years,
08/12/2020,02/01/2020,08/08/2020,Michigan,Female,25-34 years,13
08/12/2020,02/01/2020,08/08/2020,Michigan,Female,35-44 years,34
08/12/2020,02/01/2020,08/08/2020,Michigan,Female,45-54 years,119
08/12/2020,02/01/2020,08/08/2020,Michigan,Female,55-64 years,279
08/12/2020,02/01/2020,08/08/2020,Michigan,Female,65-74 years,578
08/12/2020,02/01/2020,08/08/2020,Michigan,Female,75-84 years,692
08/12/2020,02/01/2020,08/08/2020,Michigan,Female,85 years and over,1064
08/12/2020,02/01/2020,08/08/2020,Michigan,Female,All ages,2784
08/12/2020,02/01/2020,08/08/2020,Michigan,Unknown,All ages,
08/12/2020,02/01/2020,08/08/2020,Michigan Total,All,All ages,5823
08/12/2020,02/01/2020,08/08/2020,Minnesota,Male,Under 1 year,0
08/12/2020,02/01/2020,08/08/2020,Minnesota,Male,1-4 years,0
08/12/2020,02/01/2020,08/08/2020,Minnesota,Male,5-14 years,0
08/12/2020,02/01/2020,08/08/2020,Minnesota,Male,15-24 years,
08/12/2020,02/01/2020,08/08/2020,Minnesota,Male,25-34 years,
08/12/2020,02/01/2020,08/08/2020,Minnesota,Male,35-44 years,
08/12/2020,02/01/2020,08/08/2020,Minnesota,Male,45-54 years,27
08/12/2020,02/01/2020,08/08/2020,Minnesota,Male,55-64 years,83
08/12/2020,02/01/2020,08/08/2020,Minnesota,Male,65-74 years,149
08/12/2020,02/01/2020,08/08/2020,Minnesota,Male,75-84 years,233
08/12/2020,02/01/2020,08/08/2020,Minnesota,Male,85 years and over,275
08/12/2020,02/01/2020,08/08/2020,Minnesota,Male,All ages,780
08/12/2020,02/01/2020,08/08/2020,Minnesota,Female,Under 1 year,
08/12/2020,02/01/2020,08/08/2020,Minnesota,Female,1-4 years,0
08/12/2020,02/01/2020,08/08/2020,Minnesota,Female,5-14 years,0
08/12/2020,02/01/2020,08/08/2020,Minnesota,Female,15-24 years,0
08/12/2020,02/01/2020,08/08/2020,Minnesota,Female,25-34 years,
08/12/2020,02/01/2020,08/08/2020,Minnesota,Female,35-44 years,
08/12/2020,02/01/2020,08/08/2020,Minnesota,Female,45-54 years,15
08/12/2020,02/01/2020,08/08/2020,Minnesota,Female,55-64 years,42
08/12/2020,02/01/2020,08/08/2020,Minnesota,Female,65-74 years,117
08/12/2020,02/01/2020,08/08/2020,Minnesota,Female,75-84 years,202
08/12/2020,02/01/2020,08/08/2020,Minnesota,Female,85 years and over,447
08/12/2020,02/01/2020,08/08/2020,Minnesota,Female,All ages,832
08/12/2020,02/01/2020,08/08/2020,Minnesota,Unknown,All ages,0
08/12/2020,02/01/2020,08/08/2020,Minnesota Total,All,All ages,1612
08/12/2020,02/01/2020,08/08/2020,Mississippi,Male,Under 1 year,0
08/12/2020,02/01/2020,08/08/2020,Mississippi,Male,1-4 years,0
08/12/2020,02/01/2020,08/08/2020,Mississippi,Male,5-14 years,0
08/12/2020,02/01/2020,08/08/2020,Mississippi,Male,15-24 years,
08/12/2020,02/01/2020,08/08/2020,Mississippi,Male,25-34 years,
08/12/2020,02/01/2020,08/08/2020,Mississippi,Male,35-44 years,24
08/12/2020,02/01/2020,08/08/2020,Mississippi,Male,45-54 years,60
08/12/2020,02/01/2020,08/08/2020,Mississippi,Male,55-64 years,130
08/12/2020,02/01/2020,08/08/2020,Mississippi,Male,65-74 years,217
08/12/2020,02/01/2020,08/08/2020,Mississippi,Male,75-84 years,220
08/12/2020,02/01/2020,08/08/2020,Mississippi,Male,85 years and over,139
08/12/2020,02/01/2020,08/08/2020,Mississippi,Male,All ages,800
08/12/2020,02/01/2020,08/08/2020,Mississippi,Female,Under 1 year,0
08/12/2020,02/01/2020,08/08/2020,Mississippi,Female,1-4 years,0
08/12/2020,02/01/2020,08/08/2020,Mississippi,Female,5-14 years,0
08/12/2020,02/01/2020,08/08/2020,Mississippi,Female,15-24 years,
08/12/2020,02/01/2020,08/08/2020,Mississippi,Female,25-34 years,
08/12/2020,02/01/2020,08/08/2020,Mississippi,Female,35-44 years,21
08/12/2020,02/01/2020,08/08/2020,Mississippi,Female,45-54 years,58
08/12/2020,02/01/2020,08/08/2020,Mississippi,Female,55-64 years,129
08/12/2020,02/01/2020,08/08/2020,Mississippi,Female,65-74 years,163
08/12/2020,02/01/2020,08/08/2020,Mississippi,Female,75-84 years,206
08/12/2020,02/01/2020,08/08/2020,Mississippi,Female,85 years and over,259
08/12/2020,02/01/2020,08/08/2020,Mississippi,Female,All ages,846
08/12/2020,02/01/2020,08/08/2020,Mississippi,Unknown,All ages,
08/12/2020,02/01/2020,08/08/2020,Mississippi Total,All,All ages,1647
08/12/2020,02/01/2020,08/08/2020,Missouri,Male,Under 1 year,0
08/12/2020,02/01/2020,08/08/2020,Missouri,Male,1-4 years,0
08/12/2020,02/01/2020,08/08/2020,Missouri,Male,5-14 years,0
08/12/2020,02/01/2020,08/08/2020,Missouri,Male,15-24 years,0
08/12/2020,02/01/2020,08/08/2020,Missouri,Male,25-34 years,
08/12/2020,02/01/2020,08/08/2020,Missouri,Male,35-44 years,
08/12/2020,02/01/2020,08/08/2020,Missouri,Male,45-54 years,28
08/12/2020,02/01/2020,08/08/2020,Missouri,Male,55-64 years,78
08/12/2020,02/01/2020,08/08/2020,Missouri,Male,65-74 years,145
08/12/2020,02/01/2020,08/08/2020,Missouri,Male,75-84 years,174
08/12/2020,02/01/2020,08/08/2020,Missouri,Male,85 years and over,163
08/12/2020,02/01/2020,08/08/2020,Missouri,Male,All ages,595
08/12/2020,02/01/2020,08/08/2020,Missouri,Female,Under 1 year,0
08/12/2020,02/01/2020,08/08/2020,Missouri,Female,1-4 years,0
08/12/2020,02/01/2020,08/08/2020,Missouri,Female,5-14 years,0
08/12/2020,02/01/2020,08/08/2020,Missouri,Female,15-24 years,
08/12/2020,02/01/2020,08/08/2020,Missouri,Female,25-34 years,
08/12/2020,02/01/2020,08/08/2020,Missouri,Female,35-44 years,
08/12/2020,02/01/2020,08/08/2020,Missouri,Female,45-54 years,16
08/12/2020,02/01/2020,08/08/2020,Missouri,Female,55-64 years,45
08/12/2020,02/01/2020,08/08/2020,Missouri,Female,65-74 years,102
08/12/2020,02/01/2020,08/08/2020,Missouri,Female,75-84 years,148
08/12/2020,02/01/2020,08/08/2020,Missouri,Female,85 years and over,297
08/12/2020,02/01/2020,08/08/2020,Missouri,Female,All ages,619
08/12/2020,02/01/2020,08/08/2020,Missouri,Unknown,All ages,0
08/12/2020,02/01/2020,08/08/2020,Missouri Total,All,All ages,1214
08/12/2020,02/01/2020,08/08/2020,Montana,Male,Under 1 year,0
08/12/2020,02/01/2020,08/08/2020,Montana,Male,1-4 years,0
08/12/2020,02/01/2020,08/08/2020,Montana,Male,5-14 years,0
08/12/2020,02/01/2020,08/08/2020,Montana,Male,15-24 years,0
08/12/2020,02/01/2020,08/08/2020,Montana,Male,25-34 years,0
08/12/2020,02/01/2020,08/08/2020,Montana,Male,35-44 years,0
08/12/2020,02/01/2020,08/08/2020,Montana,Male,45-54 years,
08/12/2020,02/01/2020,08/08/2020,Montana,Male,55-64 years,
08/12/2020,02/01/2020,08/08/2020,Montana,Male,65-74 years,
08/12/2020,02/01/2020,08/08/2020,Montana,Male,75-84 years,10
08/12/2020,02/01/2020,08/08/2020,Montana,Male,85 years and over,
08/12/2020,02/01/2020,08/08/2020,Montana,Male,All ages,23
08/12/2020,02/01/2020,08/08/2020,Montana,Female,Under 1 year,0
08/12/2020,02/01/2020,08/08/2020,Montana,Female,1-4 years,0
08/12/2020,02/01/2020,08/08/2020,Montana,Female,5-14 years,0
08/12/2020,02/01/2020,08/08/2020,Montana,Female,15-24 years,0
08/12/2020,02/01/2020,08/08/2020,Montana,Female,25-34 years,
08/12/2020,02/01/2020,08/08/2020,Montana,Female,35-44 years,0
08/12/2020,02/01/2020,08/08/2020,Montana,Female,45-54 years,0
08/12/2020,02/01/2020,08/08/2020,Montana,Female,55-64 years,
08/12/2020,02/01/2020,08/08/2020,Montana,Female,65-74 years,
08/12/2020,02/01/2020,08/08/2020,Montana,Female,75-84 years,
08/12/2020,02/01/2020,08/08/2020,Montana,Female,85 years and over,13
08/12/2020,02/01/2020,08/08/2020,Montana,Female,All ages,27
08/12/2020,02/01/2020,08/08/2020,Montana,Unknown,All ages,0
08/12/2020,02/01/2020,08/08/2020,Montana Total,All,All ages,50
08/12/2020,02/01/2020,08/08/2020,Nebraska,Male,Under 1 year,0
08/12/2020,02/01/2020,08/08/2020,Nebraska,Male,1-4 years,0
08/12/2020,02/01/2020,08/08/2020,Nebraska,Male,5-14 years,0
08/12/2020,02/01/2020,08/08/2020,Nebraska,Male,15-24 years,0
08/12/2020,02/01/2020,08/08/2020,Nebraska,Male,25-34 years,
08/12/2020,02/01/2020,08/08/2020,Nebraska,Male,35-44 years,
08/12/2020,02/01/2020,08/08/2020,Nebraska,Male,45-54 years,14
08/12/2020,02/01/2020,08/08/2020,Nebraska,Male,55-64 years,28
08/12/2020,02/01/2020,08/08/2020,Nebraska,Male,65-74 years,46
08/12/2020,02/01/2020,08/08/2020,Nebraska,Male,75-84 years,43
08/12/2020,02/01/2020,08/08/2020,Nebraska,Male,85 years and over,34
08/12/2020,02/01/2020,08/08/2020,Nebraska,Male,All ages,173
08/12/2020,02/01/2020,08/08/2020,Nebraska,Female,Under 1 year,0
08/12/2020,02/01/2020,08/08/2020,Nebraska,Female,1-4 years,0
08/12/2020,02/01/2020,08/08/2020,Nebraska,Female,5-14 years,0
08/12/2020,02/01/2020,08/08/2020,Nebraska,Female,15-24 years,0
08/12/2020,02/01/2020,08/08/2020,Nebraska,Female,25-34 years,
08/12/2020,02/01/2020,08/08/2020,Nebraska,Female,35-44 years,
08/12/2020,02/01/2020,08/08/2020,Nebraska,Female,45-54 years,
08/12/2020,02/01/2020,08/08/2020,Nebraska,Female,55-64 years,21
08/12/2020,02/01/2020,08/08/2020,Nebraska,Female,65-74 years,26
08/12/2020,02/01/2020,08/08/2020,Nebraska,Female,75-84 years,39
08/12/2020,02/01/2020,08/08/2020,Nebraska,Female,85 years and over,54
08/12/2020,02/01/2020,08/08/2020,Nebraska,Female,All ages,150
08/12/2020,02/01/2020,08/08/2020,Nebraska,Unknown,All ages,0
08/12/2020,02/01/2020,08/08/2020,Nebraska Total,All,All ages,323
08/12/2020,02/01/2020,08/08/2020,Nevada,Male,Under 1 year,0
08/12/2020,02/01/2020,08/08/2020,Nevada,Male,1-4 years,0
08/12/2020,02/01/2020,08/08/2020,Nevada,Male,5-14 years,
08/12/2020,02/01/2020,08/08/2020,Nevada,Male,15-24 years,
08/12/2020,02/01/2020,08/08/2020,Nevada,Male,25-34 years,
08/12/2020,02/01/2020,08/08/2020,Nevada,Male,35-44 years,14
08/12/2020,02/01/2020,08/08/2020,Nevada,Male,45-54 years,56
08/12/2020,02/01/2020,08/08/2020,Nevada,Male,55-64 years,64
08/12/2020,02/01/2020,08/08/2020,Nevada,Male,65-74 years,133
08/12/2020,02/01/2020,08/08/2020,Nevada,Male,75-84 years,151
08/12/2020,02/01/2020,08/08/2020,Nevada,Male,85 years and over,81
08/12/2020,02/01/2020,08/08/2020,Nevada,Male,All ages,505
08/12/2020,02/01/2020,08/08/2020,Nevada,Female,Under 1 year,0
08/12/2020,02/01/2020,08/08/2020,Nevada,Female,1-4 years,0
08/12/2020,02/01/2020,08/08/2020,Nevada,Female,5-14 years,0
08/12/2020,02/01/2020,08/08/2020,Nevada,Female,15-24 years,0
08/12/2020,02/01/2020,08/08/2020,Nevada,Female,25-34 years,
08/12/2020,02/01/2020,08/08/2020,Nevada,Female,35-44 years,
08/12/2020,02/01/2020,08/08/2020,Nevada,Female,45-54 years,18
08/12/2020,02/01/2020,08/08/2020,Nevada,Female,55-64 years,42
08/12/2020,02/01/2020,08/08/2020,Nevada,Female,65-74 years,80
08/12/2020,02/01/2020,08/08/2020,Nevada,Female,75-84 years,102
08/12/2020,02/01/2020,08/08/2020,Nevada,Female,85 years and over,68
08/12/2020,02/01/2020,08/08/2020,Nevada,Female,All ages,320
08/12/2020,02/01/2020,08/08/2020,Nevada,Unknown,All ages,0
08/12/2020,02/01/2020,08/08/2020,Nevada Total,All,All ages,825
08/12/2020,02/01/2020,08/08/2020,New Hampshire,Male,Under 1 year,0
08/12/2020,02/01/2020,08/08/2020,New Hampshire,Male,1-4 years,0
08/12/2020,02/01/2020,08/08/2020,New Hampshire,Male,5-14 years,0
08/12/2020,02/01/2020,08/08/2020,New Hampshire,Male,15-24 years,
08/12/2020,02/01/2020,08/08/2020,New Hampshire,Male,25-34 years,0
08/12/2020,02/01/2020,08/08/2020,New Hampshire,Male,35-44 years,
08/12/2020,02/01/2020,08/08/2020,New Hampshire,Male,45-54 years,
08/12/2020,02/01/2020,08/08/2020,New Hampshire,Male,55-64 years,14
08/12/2020,02/01/2020,08/08/2020,New Hampshire,Male,65-74 years,34
08/12/2020,02/01/2020,08/08/2020,New Hampshire,Male,75-84 years,63
08/12/2020,02/01/2020,08/08/2020,New Hampshire,Male,85 years and over,77
08/12/2020,02/01/2020,08/08/2020,New Hampshire,Male,All ages,199
08/12/2020,02/01/2020,08/08/2020,New Hampshire,Female,Under 1 year,0
08/12/2020,02/01/2020,08/08/2020,New Hampshire,Female,1-4 years,0
08/12/2020,02/01/2020,08/08/2020,New Hampshire,Female,5-14 years,0
08/12/2020,02/01/2020,08/08/2020,New Hampshire,Female,15-24 years,0
08/12/2020,02/01/2020,08/08/2020,New Hampshire,Female,25-34 years,0
08/12/2020,02/01/2020,08/08/2020,New Hampshire,Female,35-44 years,0
08/12/2020,02/01/2020,08/08/2020,New Hampshire,Female,45-54 years,
08/12/2020,02/01/2020,08/08/2020,New Hampshire,Female,55-64 years,
08/12/2020,02/01/2020,08/08/2020,New Hampshire,Female,65-74 years,26
08/12/2020,02/01/2020,08/08/2020,New Hampshire,Female,75-84 years,51
08/12/2020,02/01/2020,08/08/2020,New Hampshire,Female,85 years and over,120
08/12/2020,02/01/2020,08/08/2020,New Hampshire,Female,All ages,202
08/12/2020,02/01/2020,08/08/2020,New Hampshire,Unknown,All ages,0
08/12/2020,02/01/2020,08/08/2020,New Hampshire Total,All,All ages,401
08/12/2020,02/01/2020,08/08/2020,New Jersey,Male,Under 1 year,0
08/12/2020,02/01/2020,08/08/2020,New Jersey,Male,1-4 years,0
08/12/2020,02/01/2020,08/08/2020,New Jersey,Male,5-14 years,0
08/12/2020,02/01/2020,08/08/2020,New Jersey,Male,15-24 years,11
08/12/2020,02/01/2020,08/08/2020,New Jersey,Male,25-34 years,73
08/12/2020,02/01/2020,08/08/2020,New Jersey,Male,35-44 years,198
08/12/2020,02/01/2020,08/08/2020,New Jersey,Male,45-54 years,556
08/12/2020,02/01/2020,08/08/2020,New Jersey,Male,55-64 years,1226
08/12/2020,02/01/2020,08/08/2020,New Jersey,Male,65-74 years,1701
08/12/2020,02/01/2020,08/08/2020,New Jersey,Male,75-84 years,1918
08/12/2020,02/01/2020,08/08/2020,New Jersey,Male,85 years and over,1765
08/12/2020,02/01/2020,08/08/2020,New Jersey,Male,All ages,7448
08/12/2020,02/01/2020,08/08/2020,New Jersey,Female,Under 1 year,0
08/12/2020,02/01/2020,08/08/2020,New Jersey,Female,1-4 years,
08/12/2020,02/01/2020,08/08/2020,New Jersey,Female,5-14 years,0
08/12/2020,02/01/2020,08/08/2020,New Jersey,Female,15-24 years,
08/12/2020,02/01/2020,08/08/2020,New Jersey,Female,25-34 years,33
08/12/2020,02/01/2020,08/08/2020,New Jersey,Female,35-44 years,66
08/12/2020,02/01/2020,08/08/2020,New Jersey,Female,45-54 years,184
08/12/2020,02/01/2020,08/08/2020,New Jersey,Female,55-64 years,563
08/12/2020,02/01/2020,08/08/2020,New Jersey,Female,65-74 years,1007
08/12/2020,02/01/2020,08/08/2020,New Jersey,Female,75-84 years,1711
08/12/2020,02/01/2020,08/08/2020,New Jersey,Female,85 years and over,2976
08/12/2020,02/01/2020,08/08/2020,New Jersey,Female,All ages,6544
08/12/2020,02/01/2020,08/08/2020,New Jersey,Unknown,All ages,
08/12/2020,02/01/2020,08/08/2020,New Jersey Total,All,All ages,13993
08/12/2020,02/01/2020,08/08/2020,New Mexico,Male,Under 1 year,0
08/12/2020,02/01/2020,08/08/2020,New Mexico,Male,1-4 years,0
08/12/2020,02/01/2020,08/08/2020,New Mexico,Male,5-14 years,0
08/12/2020,02/01/2020,08/08/2020,New Mexico,Male,15-24 years,
08/12/2020,02/01/2020,08/08/2020,New Mexico,Male,25-34 years,16
08/12/2020,02/01/2020,08/08/2020,New Mexico,Male,35-44 years,18
08/12/2020,02/01/2020,08/08/2020,New Mexico,Male,45-54 years,31
08/12/2020,02/01/2020,08/08/2020,New Mexico,Male,55-64 years,48
08/12/2020,02/01/2020,08/08/2020,New Mexico,Male,65-74 years,76
08/12/2020,02/01/2020,08/08/2020,New Mexico,Male,75-84 years,59
08/12/2020,02/01/2020,08/08/2020,New Mexico,Male,85 years and over,78
08/12/2020,02/01/2020,08/08/2020,New Mexico,Male,All ages,327
08/12/2020,02/01/2020,08/08/2020,New Mexico,Female,Under 1 year,0
08/12/2020,02/01/2020,08/08/2020,New Mexico,Female,1-4 years,0
08/12/2020,02/01/2020,08/08/2020,New Mexico,Female,5-14 years,0
08/12/2020,02/01/2020,08/08/2020,New Mexico,Female,15-24 years,0
08/12/2020,02/01/2020,08/08/2020,New Mexico,Female,25-34 years,
08/12/2020,02/01/2020,08/08/2020,New Mexico,Female,35-44 years,
08/12/2020,02/01/2020,08/08/2020,New Mexico,Female,45-54 years,18
08/12/2020,02/01/2020,08/08/2020,New Mexico,Female,55-64 years,39
08/12/2020,02/01/2020,08/08/2020,New Mexico,Female,65-74 years,46
08/12/2020,02/01/2020,08/08/2020,New Mexico,Female,75-84 years,81
08/12/2020,02/01/2020,08/08/2020,New Mexico,Female,85 years and over,101
08/12/2020,02/01/2020,08/08/2020,New Mexico,Female,All ages,299
08/12/2020,02/01/2020,08/08/2020,New Mexico,Unknown,All ages,0
08/12/2020,02/01/2020,08/08/2020,New Mexico Total,All,All ages,626
08/12/2020,02/01/2020,08/08/2020,New York,Male,Under 1 year,0
08/12/2020,02/01/2020,08/08/2020,New York,Male,1-4 years,0
08/12/2020,02/01/2020,08/08/2020,New York,Male,5-14 years,
08/12/2020,02/01/2020,08/08/2020,New York,Male,15-24 years,11
08/12/2020,02/01/2020,08/08/2020,New York,Male,25-34 years,44
08/12/2020,02/01/2020,08/08/2020,New York,Male,35-44 years,124
08/12/2020,02/01/2020,08/08/2020,New York,Male,45-54 years,369
08/12/2020,02/01/2020,08/08/2020,New York,Male,55-64 years,905
08/12/2020,02/01/2020,08/08/2020,New York,Male,65-74 years,1450
08/12/2020,02/01/2020,08/08/2020,New York,Male,75-84 years,1585
08/12/2020,02/01/2020,08/08/2020,New York,Male,85 years and over,1516
08/12/2020,02/01/2020,08/08/2020,New York,Male,All ages,6006
08/12/2020,02/01/2020,08/08/2020,New York,Female,Under 1 year,0
08/12/2020,02/01/2020,08/08/2020,New York,Female,1-4 years,0
08/12/2020,02/01/2020,08/08/2020,New York,Female,5-14 years,0
08/12/2020,02/01/2020,08/08/2020,New York,Female,15-24 years,
08/12/2020,02/01/2020,08/08/2020,New York,Female,25-34 years,19
08/12/2020,02/01/2020,08/08/2020,New York,Female,35-44 years,51
08/12/2020,02/01/2020,08/08/2020,New York,Female,45-54 years,130
08/12/2020,02/01/2020,08/08/2020,New York,Female,55-64 years,434
08/12/2020,02/01/2020,08/08/2020,New York,Female,65-74 years,819
08/12/2020,02/01/2020,08/08/2020,New York,Female,75-84 years,1334
08/12/2020,02/01/2020,08/08/2020,New York,Female,85 years and over,2587
08/12/2020,02/01/2020,08/08/2020,New York,Female,All ages,5376
08/12/2020,02/01/2020,08/08/2020,New York,Unknown,All ages,0
08/12/2020,02/01/2020,08/08/2020,New York Total,All,All ages,11382
08/12/2020,02/01/2020,08/08/2020,New York City,Male,Under 1 year,
08/12/2020,02/01/2020,08/08/2020,New York City,Male,1-4 years,
08/12/2020,02/01/2020,08/08/2020,New York City,Male,5-14 years,
08/12/2020,02/01/2020,08/08/2020,New York City,Male,15-24 years,23
08/12/2020,02/01/2020,08/08/2020,New York City,Male,25-34 years,112
08/12/2020,02/01/2020,08/08/2020,New York City,Male,35-44 years,396
08/12/2020,02/01/2020,08/08/2020,New York City,Male,45-54 years,985
08/12/2020,02/01/2020,08/08/2020,New York City,Male,55-64 years,2213
08/12/2020,02/01/2020,08/08/2020,New York City,Male,65-74 years,3254
08/12/2020,02/01/2020,08/08/2020,New York City,Male,75-84 years,3095
08/12/2020,02/01/2020,08/08/2020,New York City,Male,85 years and over,2101
08/12/2020,02/01/2020,08/08/2020,New York City,Male,All ages,12186
08/12/2020,02/01/2020,08/08/2020,New York City,Female,Under 1 year,
08/12/2020,02/01/2020,08/08/2020,New York City,Female,1-4 years,
08/12/2020,02/01/2020,08/08/2020,New York City,Female,5-14 years,
08/12/2020,02/01/2020,08/08/2020,New York City,Female,15-24 years,10
08/12/2020,02/01/2020,08/08/2020,New York City,Female,25-34 years,55
08/12/2020,02/01/2020,08/08/2020,New York City,Female,35-44 years,116
08/12/2020,02/01/2020,08/08/2020,New York City,Female,45-54 years,391
08/12/2020,02/01/2020,08/08/2020,New York City,Female,55-64 years,1053
08/12/2020,02/01/2020,08/08/2020,New York City,Female,65-74 years,1753
08/12/2020,02/01/2020,08/08/2020,New York City,Female,75-84 years,2278
08/12/2020,02/01/2020,08/08/2020,New York City,Female,85 years and over,2724
08/12/2020,02/01/2020,08/08/2020,New York City,Female,All ages,8383
08/12/2020,02/01/2020,08/08/2020,New York City,Unknown,All ages,0
08/12/2020,02/01/2020,08/08/2020,New York City Total,All,All ages,20569
08/12/2020,02/01/2020,08/08/2020,North Carolina,Male,Under 1 year,0
08/12/2020,02/01/2020,08/08/2020,North Carolina,Male,1-4 years,0
08/12/2020,02/01/2020,08/08/2020,North Carolina,Male,5-14 years,0
08/12/2020,02/01/2020,08/08/2020,North Carolina,Male,15-24 years,
08/12/2020,02/01/2020,08/08/2020,North Carolina,Male,25-34 years,
08/12/2020,02/01/2020,08/08/2020,North Carolina,Male,35-44 years,24
08/12/2020,02/01/2020,08/08/2020,North Carolina,Male,45-54 years,57
08/12/2020,02/01/2020,08/08/2020,North Carolina,Male,55-64 years,111
08/12/2020,02/01/2020,08/08/2020,North Carolina,Male,65-74 years,176
08/12/2020,02/01/2020,08/08/2020,North Carolina,Male,75-84 years,223
08/12/2020,02/01/2020,08/08/2020,North Carolina,Male,85 years and over,181
08/12/2020,02/01/2020,08/08/2020,North Carolina,Male,All ages,781
08/12/2020,02/01/2020,08/08/2020,North Carolina,Female,Under 1 year,0
08/12/2020,02/01/2020,08/08/2020,North Carolina,Female,1-4 years,0
08/12/2020,02/01/2020,08/08/2020,North Carolina,Female,5-14 years,0
08/12/2020,02/01/2020,08/08/2020,North Carolina,Female,15-24 years,0
08/12/2020,02/01/2020,08/08/2020,North Carolina,Female,25-34 years,
08/12/2020,02/01/2020,08/08/2020,North Carolina,Female,35-44 years,
08/12/2020,02/01/2020,08/08/2020,North Carolina,Female,45-54 years,31
08/12/2020,02/01/2020,08/08/2020,North Carolina,Female,55-64 years,49
08/12/2020,02/01/2020,08/08/2020,North Carolina,Female,65-74 years,125
08/12/2020,02/01/2020,08/08/2020,North Carolina,Female,75-84 years,190
08/12/2020,02/01/2020,08/08/2020,North Carolina,Female,85 years and over,266
08/12/2020,02/01/2020,08/08/2020,North Carolina,Female,All ages,674
08/12/2020,02/01/2020,08/08/2020,North Carolina,Unknown,All ages,0
08/12/2020,02/01/2020,08/08/2020,North Carolina Total,All,All ages,1455
08/12/2020,02/01/2020,08/08/2020,North Dakota,Male,Under 1 year,0
08/12/2020,02/01/2020,08/08/2020,North Dakota,Male,1-4 years,0
08/12/2020,02/01/2020,08/08/2020,North Dakota,Male,5-14 years,0
08/12/2020,02/01/2020,08/08/2020,North Dakota,Male,15-24 years,0
08/12/2020,02/01/2020,08/08/2020,North Dakota,Male,25-34 years,0
08/12/2020,02/01/2020,08/08/2020,North Dakota,Male,35-44 years,
08/12/2020,02/01/2020,08/08/2020,North Dakota,Male,45-54 years,
08/12/2020,02/01/2020,08/08/2020,North Dakota,Male,55-64 years,12
08/12/2020,02/01/2020,08/08/2020,North Dakota,Male,65-74 years,12
08/12/2020,02/01/2020,08/08/2020,North Dakota,Male,75-84 years,16
08/12/2020,02/01/2020,08/08/2020,North Dakota,Male,85 years and over,23
08/12/2020,02/01/2020,08/08/2020,North Dakota,Male,All ages,70
08/12/2020,02/01/2020,08/08/2020,North Dakota,Female,Under 1 year,0
08/12/2020,02/01/2020,08/08/2020,North Dakota,Female,1-4 years,0
08/12/2020,02/01/2020,08/08/2020,North Dakota,Female,5-14 years,0
08/12/2020,02/01/2020,08/08/2020,North Dakota,Female,15-24 years,0
08/12/2020,02/01/2020,08/08/2020,North Dakota,Female,25-34 years,0
08/12/2020,02/01/2020,08/08/2020,North Dakota,Female,35-44 years,0
08/12/2020,02/01/2020,08/08/2020,North Dakota,Female,45-54 years,
08/12/2020,02/01/2020,08/08/2020,North Dakota,Female,55-64 years,
08/12/2020,02/01/2020,08/08/2020,North Dakota,Female,65-74 years,
08/12/2020,02/01/2020,08/08/2020,North Dakota,Female,75-84 years,20
08/12/2020,02/01/2020,08/08/2020,North Dakota,Female,85 years and over,29
08/12/2020,02/01/2020,08/08/2020,North Dakota,Female,All ages,58
08/12/2020,02/01/2020,08/08/2020,North Dakota,Unknown,All ages,0
08/12/2020,02/01/2020,08/08/2020,North Dakota Total,All,All ages,128
08/12/2020,02/01/2020,08/08/2020,Ohio,Male,Under 1 year,0
08/12/2020,02/01/2020,08/08/2020,Ohio,Male,1-4 years,0
08/12/2020,02/01/2020,08/08/2020,Ohio,Male,5-14 years,0
08/12/2020,02/01/2020,08/08/2020,Ohio,Male,15-24 years,
08/12/2020,02/01/2020,08/08/2020,Ohio,Male,25-34 years,
08/12/2020,02/01/2020,08/08/2020,Ohio,Male,35-44 years,26
08/12/2020,02/01/2020,08/08/2020,Ohio,Male,45-54 years,62
08/12/2020,02/01/2020,08/08/2020,Ohio,Male,55-64 years,202
08/12/2020,02/01/2020,08/08/2020,Ohio,Male,65-74 years,402
08/12/2020,02/01/2020,08/08/2020,Ohio,Male,75-84 years,450
08/12/2020,02/01/2020,08/08/2020,Ohio,Male,85 years and over,435
08/12/2020,02/01/2020,08/08/2020,Ohio,Male,All ages,1583
08/12/2020,02/01/2020,08/08/2020,Ohio,Female,Under 1 year,0
08/12/2020,02/01/2020,08/08/2020,Ohio,Female,1-4 years,0
08/12/2020,02/01/2020,08/08/2020,Ohio,Female,5-14 years,0
08/12/2020,02/01/2020,08/08/2020,Ohio,Female,15-24 years,
08/12/2020,02/01/2020,08/08/2020,Ohio,Female,25-34 years,
08/12/2020,02/01/2020,08/08/2020,Ohio,Female,35-44 years,10
08/12/2020,02/01/2020,08/08/2020,Ohio,Female,45-54 years,29
08/12/2020,02/01/2020,08/08/2020,Ohio,Female,55-64 years,106
08/12/2020,02/01/2020,08/08/2020,Ohio,Female,65-74 years,227
08/12/2020,02/01/2020,08/08/2020,Ohio,Female,75-84 years,436
08/12/2020,02/01/2020,08/08/2020,Ohio,Female,85 years and over,651
08/12/2020,02/01/2020,08/08/2020,Ohio,Female,All ages,1464
08/12/2020,02/01/2020,08/08/2020,Ohio,Unknown,All ages,0
08/12/2020,02/01/2020,08/08/2020,Ohio Total,All,All ages,3047
08/12/2020,02/01/2020,08/08/2020,Oklahoma,Male,Under 1 year,
08/12/2020,02/01/2020,08/08/2020,Oklahoma,Male,1-4 years,0
08/12/2020,02/01/2020,08/08/2020,Oklahoma,Male,5-14 years,0
08/12/2020,02/01/2020,08/08/2020,Oklahoma,Male,15-24 years,
08/12/2020,02/01/2020,08/08/2020,Oklahoma,Male,25-34 years,
08/12/2020,02/01/2020,08/08/2020,Oklahoma,Male,35-44 years,
08/12/2020,02/01/2020,08/08/2020,Oklahoma,Male,45-54 years,12
08/12/2020,02/01/2020,08/08/2020,Oklahoma,Male,55-64 years,45
08/12/2020,02/01/2020,08/08/2020,Oklahoma,Male,65-74 years,78
08/12/2020,02/01/2020,08/08/2020,Oklahoma,Male,75-84 years,82
08/12/2020,02/01/2020,08/08/2020,Oklahoma,Male,85 years and over,71
08/12/2020,02/01/2020,08/08/2020,Oklahoma,Male,All ages,298
08/12/2020,02/01/2020,08/08/2020,Oklahoma,Female,Under 1 year,0
08/12/2020,02/01/2020,08/08/2020,Oklahoma,Female,1-4 years,0
08/12/2020,02/01/2020,08/08/2020,Oklahoma,Female,5-14 years,
08/12/2020,02/01/2020,08/08/2020,Oklahoma,Female,15-24 years,0
08/12/2020,02/01/2020,08/08/2020,Oklahoma,Female,25-34 years,
08/12/2020,02/01/2020,08/08/2020,Oklahoma,Female,35-44 years,
08/12/2020,02/01/2020,08/08/2020,Oklahoma,Female,45-54 years,
08/12/2020,02/01/2020,08/08/2020,Oklahoma,Female,55-64 years,31
08/12/2020,02/01/2020,08/08/2020,Oklahoma,Female,65-74 years,64
08/12/2020,02/01/2020,08/08/2020,Oklahoma,Female,75-84 years,53
08/12/2020,02/01/2020,08/08/2020,Oklahoma,Female,85 years and over,88
08/12/2020,02/01/2020,08/08/2020,Oklahoma,Female,All ages,252
08/12/2020,02/01/2020,08/08/2020,Oklahoma,Unknown,All ages,0
08/12/2020,02/01/2020,08/08/2020,Oklahoma Total,All,All ages,550
08/12/2020,02/01/2020,08/08/2020,Oregon,Male,Under 1 year,0
08/12/2020,02/01/2020,08/08/2020,Oregon,Male,1-4 years,0
08/12/2020,02/01/2020,08/08/2020,Oregon,Male,5-14 years,0
08/12/2020,02/01/2020,08/08/2020,Oregon,Male,15-24 years,0
08/12/2020,02/01/2020,08/08/2020,Oregon,Male,25-34 years,
08/12/2020,02/01/2020,08/08/2020,Oregon,Male,35-44 years,
08/12/2020,02/01/2020,08/08/2020,Oregon,Male,45-54 years,10
08/12/2020,02/01/2020,08/08/2020,Oregon,Male,55-64 years,24
08/12/2020,02/01/2020,08/08/2020,Oregon,Male,65-74 years,46
08/12/2020,02/01/2020,08/08/2020,Oregon,Male,75-84 years,48
08/12/2020,02/01/2020,08/08/2020,Oregon,Male,85 years and over,50
08/12/2020,02/01/2020,08/08/2020,Oregon,Male,All ages,183
08/12/2020,02/01/2020,08/08/2020,Oregon,Female,Under 1 year,0
08/12/2020,02/01/2020,08/08/2020,Oregon,Female,1-4 years,0
08/12/2020,02/01/2020,08/08/2020,Oregon,Female,5-14 years,0
08/12/2020,02/01/2020,08/08/2020,Oregon,Female,15-24 years,0
08/12/2020,02/01/2020,08/08/2020,Oregon,Female,25-34 years,
08/12/2020,02/01/2020,08/08/2020,Oregon,Female,35-44 years,
08/12/2020,02/01/2020,08/08/2020,Oregon,Female,45-54 years,
08/12/2020,02/01/2020,08/08/2020,Oregon,Female,55-64 years,12
08/12/2020,02/01/2020,08/08/2020,Oregon,Female,65-74 years,25
08/12/2020,02/01/2020,08/08/2020,Oregon,Female,75-84 years,35
08/12/2020,02/01/2020,08/08/2020,Oregon,Female,85 years and over,63
08/12/2020,02/01/2020,08/08/2020,Oregon,Female,All ages,141
08/12/2020,02/01/2020,08/08/2020,Oregon,Unknown,All ages,0
08/12/2020,02/01/2020,08/08/2020,Oregon Total,All,All ages,324
08/12/2020,02/01/2020,08/08/2020,Pennsylvania,Male,Under 1 year,0
08/12/2020,02/01/2020,08/08/2020,Pennsylvania,Male,1-4 years,0
08/12/2020,02/01/2020,08/08/2020,Pennsylvania,Male,5-14 years,0
08/12/2020,02/01/2020,08/08/2020,Pennsylvania,Male,15-24 years,
08/12/2020,02/01/2020,08/08/2020,Pennsylvania,Male,25-34 years,18
08/12/2020,02/01/2020,08/08/2020,Pennsylvania,Male,35-44 years,41
08/12/2020,02/01/2020,08/08/2020,Pennsylvania,Male,45-54 years,163
08/12/2020,02/01/2020,08/08/2020,Pennsylvania,Male,55-64 years,434
08/12/2020,02/01/2020,08/08/2020,Pennsylvania,Male,65-74 years,791
08/12/2020,02/01/2020,08/08/2020,Pennsylvania,Male,75-84 years,1034
08/12/2020,02/01/2020,08/08/2020,Pennsylvania,Male,85 years and over,1180
08/12/2020,02/01/2020,08/08/2020,Pennsylvania,Male,All ages,3667
08/12/2020,02/01/2020,08/08/2020,Pennsylvania,Female,Under 1 year,0
08/12/2020,02/01/2020,08/08/2020,Pennsylvania,Female,1-4 years,0
08/12/2020,02/01/2020,08/08/2020,Pennsylvania,Female,5-14 years,0
08/12/2020,02/01/2020,08/08/2020,Pennsylvania,Female,15-24 years,
08/12/2020,02/01/2020,08/08/2020,Pennsylvania,Female,25-34 years,
08/12/2020,02/01/2020,08/08/2020,Pennsylvania,Female,35-44 years,19
08/12/2020,02/01/2020,08/08/2020,Pennsylvania,Female,45-54 years,70
08/12/2020,02/01/2020,08/08/2020,Pennsylvania,Female,55-64 years,253
08/12/2020,02/01/2020,08/08/2020,Pennsylvania,Female,65-74 years,553
08/12/2020,02/01/2020,08/08/2020,Pennsylvania,Female,75-84 years,900
08/12/2020,02/01/2020,08/08/2020,Pennsylvania,Female,85 years and over,2067
08/12/2020,02/01/2020,08/08/2020,Pennsylvania,Female,All ages,3868
08/12/2020,02/01/2020,08/08/2020,Pennsylvania,Unknown,All ages,0
08/12/2020,02/01/2020,08/08/2020,Pennsylvania Total,All,All ages,7535
08/12/2020,02/01/2020,08/08/2020,Rhode Island,Male,Under 1 year,0
08/12/2020,02/01/2020,08/08/2020,Rhode Island,Male,1-4 years,0
08/12/2020,02/01/2020,08/08/2020,Rhode Island,Male,5-14 years,0
08/12/2020,02/01/2020,08/08/2020,Rhode Island,Male,15-24 years,0
08/12/2020,02/01/2020,08/08/2020,Rhode Island,Male,25-34 years,
08/12/2020,02/01/2020,08/08/2020,Rhode Island,Male,35-44 years,
08/12/2020,02/01/2020,08/08/2020,Rhode Island,Male,45-54 years,
08/12/2020,02/01/2020,08/08/2020,Rhode Island,Male,55-64 years,49
08/12/2020,02/01/2020,08/08/2020,Rhode Island,Male,65-74 years,104
08/12/2020,02/01/2020,08/08/2020,Rhode Island,Male,75-84 years,132
08/12/2020,02/01/2020,08/08/2020,Rhode Island,Male,85 years and over,147
08/12/2020,02/01/2020,08/08/2020,Rhode Island,Male,All ages,450
08/12/2020,02/01/2020,08/08/2020,Rhode Island,Female,Under 1 year,0
08/12/2020,02/01/2020,08/08/2020,Rhode Island,Female,1-4 years,0
08/12/2020,02/01/2020,08/08/2020,Rhode Island,Female,5-14 years,
08/12/2020,02/01/2020,08/08/2020,Rhode Island,Female,15-24 years,0
08/12/2020,02/01/2020,08/08/2020,Rhode Island,Female,25-34 years,
08/12/2020,02/01/2020,08/08/2020,Rhode Island,Female,35-44 years,
08/12/2020,02/01/2020,08/08/2020,Rhode Island,Female,45-54 years,
08/12/2020,02/01/2020,08/08/2020,Rhode Island,Female,55-64 years,21
08/12/2020,02/01/2020,08/08/2020,Rhode Island,Female,65-74 years,76
08/12/2020,02/01/2020,08/08/2020,Rhode Island,Female,75-84 years,121
08/12/2020,02/01/2020,08/08/2020,Rhode Island,Female,85 years and over,303
08/12/2020,02/01/2020,08/08/2020,Rhode Island,Female,All ages,531
08/12/2020,02/01/2020,08/08/2020,Rhode Island,Unknown,All ages,
08/12/2020,02/01/2020,08/08/2020,Rhode Island Total,All,All ages,983
08/12/2020,02/01/2020,08/08/2020,South Carolina,Male,Under 1 year,
08/12/2020,02/01/2020,08/08/2020,South Carolina,Male,1-4 years,0
08/12/2020,02/01/2020,08/08/2020,South Carolina,Male,5-14 years,0
08/12/2020,02/01/2020,08/08/2020,South Carolina,Male,15-24 years,
08/12/2020,02/01/2020,08/08/2020,South Carolina,Male,25-34 years,
08/12/2020,02/01/2020,08/08/2020,South Carolina,Male,35-44 years,25
08/12/2020,02/01/2020,08/08/2020,South Carolina,Male,45-54 years,44
08/12/2020,02/01/2020,08/08/2020,South Carolina,Male,55-64 years,119
08/12/2020,02/01/2020,08/08/2020,South Carolina,Male,65-74 years,199
08/12/2020,02/01/2020,08/08/2020,South Carolina,Male,75-84 years,290
08/12/2020,02/01/2020,08/08/2020,South Carolina,Male,85 years and over,182
08/12/2020,02/01/2020,08/08/2020,South Carolina,Male,All ages,869
08/12/2020,02/01/2020,08/08/2020,South Carolina,Female,Under 1 year,0
08/12/2020,02/01/2020,08/08/2020,South Carolina,Female,1-4 years,0
08/12/2020,02/01/2020,08/08/2020,South Carolina,Female,5-14 years,0
08/12/2020,02/01/2020,08/08/2020,South Carolina,Female,15-24 years,
08/12/2020,02/01/2020,08/08/2020,South Carolina,Female,25-34 years,
08/12/2020,02/01/2020,08/08/2020,South Carolina,Female,35-44 years,
08/12/2020,02/01/2020,08/08/2020,South Carolina,Female,45-54 years,27
08/12/2020,02/01/2020,08/08/2020,South Carolina,Female,55-64 years,104
08/12/2020,02/01/2020,08/08/2020,South Carolina,Female,65-74 years,202
08/12/2020,02/01/2020,08/08/2020,South Carolina,Female,75-84 years,219
08/12/2020,02/01/2020,08/08/2020,South Carolina,Female,85 years and over,266
08/12/2020,02/01/2020,08/08/2020,South Carolina,Female,All ages,826
08/12/2020,02/01/2020,08/08/2020,South Carolina,Unknown,All ages,0
08/12/2020,02/01/2020,08/08/2020,South Carolina Total,All,All ages,1695
08/12/2020,02/01/2020,08/08/2020,South Dakota,Male,Under 1 year,0
08/12/2020,02/01/2020,08/08/2020,South Dakota,Male,1-4 years,0
08/12/2020,02/01/2020,08/08/2020,South Dakota,Male,5-14 years,0
08/12/2020,02/01/2020,08/08/2020,South Dakota,Male,15-24 years,0
08/12/2020,02/01/2020,08/08/2020,South Dakota,Male,25-34 years,
08/12/2020,02/01/2020,08/08/2020,South Dakota,Male,35-44 years,
08/12/2020,02/01/2020,08/08/2020,South Dakota,Male,45-54 years,
08/12/2020,02/01/2020,08/08/2020,South Dakota,Male,55-64 years,19
08/12/2020,02/01/2020,08/08/2020,South Dakota,Male,65-74 years,11
08/12/2020,02/01/2020,08/08/2020,South Dakota,Male,75-84 years,14
08/12/2020,02/01/2020,08/08/2020,South Dakota,Male,85 years and over,20
08/12/2020,02/01/2020,08/08/2020,South Dakota,Male,All ages,81
08/12/2020,02/01/2020,08/08/2020,South Dakota,Female,Under 1 year,0
08/12/2020,02/01/2020,08/08/2020,South Dakota,Female,1-4 years,0
08/12/2020,02/01/2020,08/08/2020,South Dakota,Female,5-14 years,0
08/12/2020,02/01/2020,08/08/2020,South Dakota,Female,15-24 years,
08/12/2020,02/01/2020,08/08/2020,South Dakota,Female,25-34 years,0
08/12/2020,02/01/2020,08/08/2020,South Dakota,Female,35-44 years,0
08/12/2020,02/01/2020,08/08/2020,South Dakota,Female,45-54 years,
08/12/2020,02/01/2020,08/08/2020,South Dakota,Female,55-64 years,10
08/12/2020,02/01/2020,08/08/2020,South Dakota,Female,65-74 years,11
08/12/2020,02/01/2020,08/08/2020,South Dakota,Female,75-84 years,10
08/12/2020,02/01/2020,08/08/2020,South Dakota,Female,85 years and over,32
08/12/2020,02/01/2020,08/08/2020,South Dakota,Female,All ages,70
08/12/2020,02/01/2020,08/08/2020,South Dakota,Unknown,All ages,0
08/12/2020,02/01/2020,08/08/2020,South Dakota Total,All,All ages,151
08/12/2020,02/01/2020,08/08/2020,Tennessee,Male,Under 1 year,
08/12/2020,02/01/2020,08/08/2020,Tennessee,Male,1-4 years,0
08/12/2020,02/01/2020,08/08/2020,Tennessee,Male,5-14 years,0
08/12/2020,02/01/2020,08/08/2020,Tennessee,Male,15-24 years,0
08/12/2020,02/01/2020,08/08/2020,Tennessee,Male,25-34 years,
08/12/2020,02/01/2020,08/08/2020,Tennessee,Male,35-44 years,24
08/12/2020,02/01/2020,08/08/2020,Tennessee,Male,45-54 years,38
08/12/2020,02/01/2020,08/08/2020,Tennessee,Male,55-64 years,114
08/12/2020,02/01/2020,08/08/2020,Tennessee,Male,65-74 years,142
08/12/2020,02/01/2020,08/08/2020,Tennessee,Male,75-84 years,194
08/12/2020,02/01/2020,08/08/2020,Tennessee,Male,85 years and over,106
08/12/2020,02/01/2020,08/08/2020,Tennessee,Male,All ages,626
08/12/2020,02/01/2020,08/08/2020,Tennessee,Female,Under 1 year,0
08/12/2020,02/01/2020,08/08/2020,Tennessee,Female,1-4 years,
08/12/2020,02/01/2020,08/08/2020,Tennessee,Female,5-14 years,0
08/12/2020,02/01/2020,08/08/2020,Tennessee,Female,15-24 years,0
08/12/2020,02/01/2020,08/08/2020,Tennessee,Female,25-34 years,
08/12/2020,02/01/2020,08/08/2020,Tennessee,Female,35-44 years,
08/12/2020,02/01/2020,08/08/2020,Tennessee,Female,45-54 years,24
08/12/2020,02/01/2020,08/08/2020,Tennessee,Female,55-64 years,52
08/12/2020,02/01/2020,08/08/2020,Tennessee,Female,65-74 years,105
08/12/2020,02/01/2020,08/08/2020,Tennessee,Female,75-84 years,126
08/12/2020,02/01/2020,08/08/2020,Tennessee,Female,85 years and over,128
08/12/2020,02/01/2020,08/08/2020,Tennessee,Female,All ages,447
08/12/2020,02/01/2020,08/08/2020,Tennessee,Unknown,All ages,0
08/12/2020,02/01/2020,08/08/2020,Tennessee Total,All,All ages,1073
08/12/2020,02/01/2020,08/08/2020,Texas,Male,Under 1 year,
08/12/2020,02/01/2020,08/08/2020,Texas,Male,1-4 years,
08/12/2020,02/01/2020,08/08/2020,Texas,Male,5-14 years,
08/12/2020,02/01/2020,08/08/2020,Texas,Male,15-24 years,13
08/12/2020,02/01/2020,08/08/2020,Texas,Male,25-34 years,89
08/12/2020,02/01/2020,08/08/2020,Texas,Male,35-44 years,170
08/12/2020,02/01/2020,08/08/2020,Texas,Male,45-54 years,430
08/12/2020,02/01/2020,08/08/2020,Texas,Male,55-64 years,855
08/12/2020,02/01/2020,08/08/2020,Texas,Male,65-74 years,1227
08/12/2020,02/01/2020,08/08/2020,Texas,Male,75-84 years,1138
08/12/2020,02/01/2020,08/08/2020,Texas,Male,85 years and over,796
08/12/2020,02/01/2020,08/08/2020,Texas,Male,All ages,4724
08/12/2020,02/01/2020,08/08/2020,Texas,Female,Under 1 year,0
08/12/2020,02/01/2020,08/08/2020,Texas,Female,1-4 years,
08/12/2020,02/01/2020,08/08/2020,Texas,Female,5-14 years,
08/12/2020,02/01/2020,08/08/2020,Texas,Female,15-24 years,10
08/12/2020,02/01/2020,08/08/2020,Texas,Female,25-34 years,31
08/12/2020,02/01/2020,08/08/2020,Texas,Female,35-44 years,92
08/12/2020,02/01/2020,08/08/2020,Texas,Female,45-54 years,198
08/12/2020,02/01/2020,08/08/2020,Texas,Female,55-64 years,425
08/12/2020,02/01/2020,08/08/2020,Texas,Female,65-74 years,713
08/12/2020,02/01/2020,08/08/2020,Texas,Female,75-84 years,795
08/12/2020,02/01/2020,08/08/2020,Texas,Female,85 years and over,956
08/12/2020,02/01/2020,08/08/2020,Texas,Female,All ages,3222
08/12/2020,02/01/2020,08/08/2020,Texas,Unknown,All ages,0
08/12/2020,02/01/2020,08/08/2020,Texas Total,All,All ages,7946
08/12/2020,02/01/2020,08/08/2020,Utah,Male,Under 1 year,0
08/12/2020,02/01/2020,08/08/2020,Utah,Male,1-4 years,0
08/12/2020,02/01/2020,08/08/2020,Utah,Male,5-14 years,0
08/12/2020,02/01/2020,08/08/2020,Utah,Male,15-24 years,
08/12/2020,02/01/2020,08/08/2020,Utah,Male,25-34 years,
08/12/2020,02/01/2020,08/08/2020,Utah,Male,35-44 years,
08/12/2020,02/01/2020,08/08/2020,Utah,Male,45-54 years,15
08/12/2020,02/01/2020,08/08/2020,Utah,Male,55-64 years,39
08/12/2020,02/01/2020,08/08/2020,Utah,Male,65-74 years,46
08/12/2020,02/01/2020,08/08/2020,Utah,Male,75-84 years,55
08/12/2020,02/01/2020,08/08/2020,Utah,Male,85 years and over,34
08/12/2020,02/01/2020,08/08/2020,Utah,Male,All ages,199
08/12/2020,02/01/2020,08/08/2020,Utah,Female,Under 1 year,0
08/12/2020,02/01/2020,08/08/2020,Utah,Female,1-4 years,0
08/12/2020,02/01/2020,08/08/2020,Utah,Female,5-14 years,0
08/12/2020,02/01/2020,08/08/2020,Utah,Female,15-24 years,
08/12/2020,02/01/2020,08/08/2020,Utah,Female,25-34 years,
08/12/2020,02/01/2020,08/08/2020,Utah,Female,35-44 years,
08/12/2020,02/01/2020,08/08/2020,Utah,Female,45-54 years,
08/12/2020,02/01/2020,08/08/2020,Utah,Female,55-64 years,12
08/12/2020,02/01/2020,08/08/2020,Utah,Female,65-74 years,25
08/12/2020,02/01/2020,08/08/2020,Utah,Female,75-84 years,32
08/12/2020,02/01/2020,08/08/2020,Utah,Female,85 years and over,42
08/12/2020,02/01/2020,08/08/2020,Utah,Female,All ages,122
08/12/2020,02/01/2020,08/08/2020,Utah,Unknown,All ages,0
08/12/2020,02/01/2020,08/08/2020,Utah Total,All,All ages,321
08/12/2020,02/01/2020,08/08/2020,Vermont,Male,Under 1 year,0
08/12/2020,02/01/2020,08/08/2020,Vermont,Male,1-4 years,0
08/12/2020,02/01/2020,08/08/2020,Vermont,Male,5-14 years,0
08/12/2020,02/01/2020,08/08/2020,Vermont,Male,15-24 years,0
08/12/2020,02/01/2020,08/08/2020,Vermont,Male,25-34 years,0
08/12/2020,02/01/2020,08/08/2020,Vermont,Male,35-44 years,
08/12/2020,02/01/2020,08/08/2020,Vermont,Male,45-54 years,
08/12/2020,02/01/2020,08/08/2020,Vermont,Male,55-64 years,
08/12/2020,02/01/2020,08/08/2020,Vermont,Male,65-74 years,
08/12/2020,02/01/2020,08/08/2020,Vermont,Male,75-84 years,16
08/12/2020,02/01/2020,08/08/2020,Vermont,Male,85 years and over,
08/12/2020,02/01/2020,08/08/2020,Vermont,Male,All ages,35
08/12/2020,02/01/2020,08/08/2020,Vermont,Female,Under 1 year,0
08/12/2020,02/01/2020,08/08/2020,Vermont,Female,1-4 years,0
08/12/2020,02/01/2020,08/08/2020,Vermont,Female,5-14 years,0
08/12/2020,02/01/2020,08/08/2020,Vermont,Female,15-24 years,0
08/12/2020,02/01/2020,08/08/2020,Vermont,Female,25-34 years,0
08/12/2020,02/01/2020,08/08/2020,Vermont,Female,35-44 years,
08/12/2020,02/01/2020,08/08/2020,Vermont,Female,45-54 years,
08/12/2020,02/01/2020,08/08/2020,Vermont,Female,55-64 years,0
08/12/2020,02/01/2020,08/08/2020,Vermont,Female,65-74 years,
08/12/2020,02/01/2020,08/08/2020,Vermont,Female,75-84 years,
08/12/2020,02/01/2020,08/08/2020,Vermont,Female,85 years and over,10
08/12/2020,02/01/2020,08/08/2020,Vermont,Female,All ages,24
08/12/2020,02/01/2020,08/08/2020,Vermont,Unknown,All ages,0
08/12/2020,02/01/2020,08/08/2020,Vermont Total,All,All ages,59
08/12/2020,02/01/2020,08/08/2020,Virginia,Male,Under 1 year,0
08/12/2020,02/01/2020,08/08/2020,Virginia,Male,1-4 years,0
08/12/2020,02/01/2020,08/08/2020,Virginia,Male,5-14 years,0
08/12/2020,02/01/2020,08/08/2020,Virginia,Male,15-24 years,
08/12/2020,02/01/2020,08/08/2020,Virginia,Male,25-34 years,
08/12/2020,02/01/2020,08/08/2020,Virginia,Male,35-44 years,20
08/12/2020,02/01/2020,08/08/2020,Virginia,Male,45-54 years,66
08/12/2020,02/01/2020,08/08/2020,Virginia,Male,55-64 years,170
08/12/2020,02/01/2020,08/08/2020,Virginia,Male,65-74 years,269
08/12/2020,02/01/2020,08/08/2020,Virginia,Male,75-84 years,339
08/12/2020,02/01/2020,08/08/2020,Virginia,Male,85 years and over,299
08/12/2020,02/01/2020,08/08/2020,Virginia,Male,All ages,1170
08/12/2020,02/01/2020,08/08/2020,Virginia,Female,Under 1 year,0
08/12/2020,02/01/2020,08/08/2020,Virginia,Female,1-4 years,0
08/12/2020,02/01/2020,08/08/2020,Virginia,Female,5-14 years,0
08/12/2020,02/01/2020,08/08/2020,Virginia,Female,15-24 years,0
08/12/2020,02/01/2020,08/08/2020,Virginia,Female,25-34 years,
08/12/2020,02/01/2020,08/08/2020,Virginia,Female,35-44 years,16
08/12/2020,02/01/2020,08/08/2020,Virginia,Female,45-54 years,34
08/12/2020,02/01/2020,08/08/2020,Virginia,Female,55-64 years,88
08/12/2020,02/01/2020,08/08/2020,Virginia,Female,65-74 years,200
08/12/2020,02/01/2020,08/08/2020,Virginia,Female,75-84 years,300
08/12/2020,02/01/2020,08/08/2020,Virginia,Female,85 years and over,517
08/12/2020,02/01/2020,08/08/2020,Virginia,Female,All ages,1157
08/12/2020,02/01/2020,08/08/2020,Virginia,Unknown,All ages,
08/12/2020,02/01/2020,08/08/2020,Virginia Total,All,All ages,2328
08/12/2020,02/01/2020,08/08/2020,Washington,Male,Under 1 year,0
08/12/2020,02/01/2020,08/08/2020,Washington,Male,1-4 years,0
08/12/2020,02/01/2020,08/08/2020,Washington,Male,5-14 years,0
08/12/2020,02/01/2020,08/08/2020,Washington,Male,15-24 years,
08/12/2020,02/01/2020,08/08/2020,Washington,Male,25-34 years,
08/12/2020,02/01/2020,08/08/2020,Washington,Male,35-44 years,16
08/12/2020,02/01/2020,08/08/2020,Washington,Male,45-54 years,38
08/12/2020,02/01/2020,08/08/2020,Washington,Male,55-64 years,100
08/12/2020,02/01/2020,08/08/2020,Washington,Male,65-74 years,172
08/12/2020,02/01/2020,08/08/2020,Washington,Male,75-84 years,222
08/12/2020,02/01/2020,08/08/2020,Washington,Male,85 years and over,243
08/12/2020,02/01/2020,08/08/2020,Washington,Male,All ages,799
08/12/2020,02/01/2020,08/08/2020,Washington,Female,Under 1 year,0
08/12/2020,02/01/2020,08/08/2020,Washington,Female,1-4 years,0
08/12/2020,02/01/2020,08/08/2020,Washington,Female,5-14 years,0
08/12/2020,02/01/2020,08/08/2020,Washington,Female,15-24 years,0
08/12/2020,02/01/2020,08/08/2020,Washington,Female,25-34 years,
08/12/2020,02/01/2020,08/08/2020,Washington,Female,35-44 years,
08/12/2020,02/01/2020,08/08/2020,Washington,Female,45-54 years,22
08/12/2020,02/01/2020,08/08/2020,Washington,Female,55-64 years,49
08/12/2020,02/01/2020,08/08/2020,Washington,Female,65-74 years,120
08/12/2020,02/01/2020,08/08/2020,Washington,Female,75-84 years,182
08/12/2020,02/01/2020,08/08/2020,Washington,Female,85 years and over,291
08/12/2020,02/01/2020,08/08/2020,Washington,Female,All ages,671
08/12/2020,02/01/2020,08/08/2020,Washington,Unknown,All ages,0
08/12/2020,02/01/2020,08/08/2020,Washington Total,All,All ages,1470
08/12/2020,02/01/2020,08/08/2020,West Virginia,Male,Under 1 year,0
08/12/2020,02/01/2020,08/08/2020,West Virginia,Male,1-4 years,0
08/12/2020,02/01/2020,08/08/2020,West Virginia,Male,5-14 years,0
08/12/2020,02/01/2020,08/08/2020,West Virginia,Male,15-24 years,0
08/12/2020,02/01/2020,08/08/2020,West Virginia,Male,25-34 years,
08/12/2020,02/01/2020,08/08/2020,West Virginia,Male,35-44 years,0
08/12/2020,02/01/2020,08/08/2020,West Virginia,Male,45-54 years,
08/12/2020,02/01/2020,08/08/2020,West Virginia,Male,55-64 years,
08/12/2020,02/01/2020,08/08/2020,West Virginia,Male,65-74 years,18
08/12/2020,02/01/2020,08/08/2020,West Virginia,Male,75-84 years,20
08/12/2020,02/01/2020,08/08/2020,West Virginia,Male,85 years and over,14
08/12/2020,02/01/2020,08/08/2020,West Virginia,Male,All ages,59
08/12/2020,02/01/2020,08/08/2020,West Virginia,Female,Under 1 year,0
08/12/2020,02/01/2020,08/08/2020,West Virginia,Female,1-4 years,0
08/12/2020,02/01/2020,08/08/2020,West Virginia,Female,5-14 years,0
08/12/2020,02/01/2020,08/08/2020,West Virginia,Female,15-24 years,0
08/12/2020,02/01/2020,08/08/2020,West Virginia,Female,25-34 years,
08/12/2020,02/01/2020,08/08/2020,West Virginia,Female,35-44 years,0
08/12/2020,02/01/2020,08/08/2020,West Virginia,Female,45-54 years,0
08/12/2020,02/01/2020,08/08/2020,West Virginia,Female,55-64 years,
08/12/2020,02/01/2020,08/08/2020,West Virginia,Female,65-74 years,14
08/12/2020,02/01/2020,08/08/2020,West Virginia,Female,75-84 years,13
08/12/2020,02/01/2020,08/08/2020,West Virginia,Female,85 years and over,27
08/12/2020,02/01/2020,08/08/2020,West Virginia,Female,All ages,57
08/12/2020,02/01/2020,08/08/2020,West Virginia,Unknown,All ages,0
08/12/2020,02/01/2020,08/08/2020,West Virginia Total,All,All ages,116
08/12/2020,02/01/2020,08/08/2020,Wisconsin,Male,Under 1 year,0
08/12/2020,02/01/2020,08/08/2020,Wisconsin,Male,1-4 years,0
08/12/2020,02/01/2020,08/08/2020,Wisconsin,Male,5-14 years,0
08/12/2020,02/01/2020,08/08/2020,Wisconsin,Male,15-24 years,
08/12/2020,02/01/2020,08/08/2020,Wisconsin,Male,25-34 years,
08/12/2020,02/01/2020,08/08/2020,Wisconsin,Male,35-44 years,11
08/12/2020,02/01/2020,08/08/2020,Wisconsin,Male,45-54 years,35
08/12/2020,02/01/2020,08/08/2020,Wisconsin,Male,55-64 years,72
08/12/2020,02/01/2020,08/08/2020,Wisconsin,Male,65-74 years,128
08/12/2020,02/01/2020,08/08/2020,Wisconsin,Male,75-84 years,131
08/12/2020,02/01/2020,08/08/2020,Wisconsin,Male,85 years and over,126
08/12/2020,02/01/2020,08/08/2020,Wisconsin,Male,All ages,510
08/12/2020,02/01/2020,08/08/2020,Wisconsin,Female,Under 1 year,0
08/12/2020,02/01/2020,08/08/2020,Wisconsin,Female,1-4 years,0
08/12/2020,02/01/2020,08/08/2020,Wisconsin,Female,5-14 years,0
08/12/2020,02/01/2020,08/08/2020,Wisconsin,Female,15-24 years,
08/12/2020,02/01/2020,08/08/2020,Wisconsin,Female,25-34 years,
08/12/2020,02/01/2020,08/08/2020,Wisconsin,Female,35-44 years,
08/12/2020,02/01/2020,08/08/2020,Wisconsin,Female,45-54 years,14
08/12/2020,02/01/2020,08/08/2020,Wisconsin,Female,55-64 years,47
08/12/2020,02/01/2020,08/08/2020,Wisconsin,Female,65-74 years,83
08/12/2020,02/01/2020,08/08/2020,Wisconsin,Female,75-84 years,112
08/12/2020,02/01/2020,08/08/2020,Wisconsin,Female,85 years and over,168
08/12/2020,02/01/2020,08/08/2020,Wisconsin,Female,All ages,436
08/12/2020,02/01/2020,08/08/2020,Wisconsin,Unknown,All ages,0
08/12/2020,02/01/2020,08/08/2020,Wisconsin Total,All,All ages,946
08/12/2020,02/01/2020,08/08/2020,Wyoming,Male,Under 1 year,0
08/12/2020,02/01/2020,08/08/2020,Wyoming,Male,1-4 years,0
08/12/2020,02/01/2020,08/08/2020,Wyoming,Male,5-14 years,0
08/12/2020,02/01/2020,08/08/2020,Wyoming,Male,15-24 years,0
08/12/2020,02/01/2020,08/08/2020,Wyoming,Male,25-34 years,0
08/12/2020,02/01/2020,08/08/2020,Wyoming,Male,35-44 years,0
08/12/2020,02/01/2020,08/08/2020,Wyoming,Male,45-54 years,
08/12/2020,02/01/2020,08/08/2020,Wyoming,Male,55-64 years,
08/12/2020,02/01/2020,08/08/2020,Wyoming,Male,65-74 years,
08/12/2020,02/01/2020,08/08/2020,Wyoming,Male,75-84 years,
08/12/2020,02/01/2020,08/08/2020,Wyoming,Male,85 years and over,
08/12/2020,02/01/2020,08/08/2020,Wyoming,Male,All ages,12
08/12/2020,02/01/2020,08/08/2020,Wyoming,Female,Under 1 year,0
08/12/2020,02/01/2020,08/08/2020,Wyoming,Female,1-4 years,0
08/12/2020,02/01/2020,08/08/2020,Wyoming,Female,5-14 years,0
08/12/2020,02/01/2020,08/08/2020,Wyoming,Female,15-24 years,0
08/12/2020,02/01/2020,08/08/2020,Wyoming,Female,25-34 years,
08/12/2020,02/01/2020,08/08/2020,Wyoming,Female,35-44 years,0
08/12/2020,02/01/2020,08/08/2020,Wyoming,Female,45-54 years,
08/12/2020,02/01/2020,08/08/2020,Wyoming,Female,55-64 years,
08/12/2020,02/01/2020,08/08/2020,Wyoming,Female,65-74 years,
08/12/2020,02/01/2020,08/08/2020,Wyoming,Female,75-84 years,
08/12/2020,02/01/2020,08/08/2020,Wyoming,Female,85 years and over,
08/12/2020,02/01/2020,08/08/2020,Wyoming,Female,All ages,14
08/12/2020,02/01/2020,08/08/2020,Wyoming,Unknown,All ages,0
08/12/2020,02/01/2020,08/08/2020,Wyoming Total,All,All ages,26
08/12/2020,02/01/2020,08/08/2020,Puerto Rico,Male,Under 1 year,0
08/12/2020,02/01/2020,08/08/2020,Puerto Rico,Male,1-4 years,0
08/12/2020,02/01/2020,08/08/2020,Puerto Rico,Male,5-14 years,0
08/12/2020,02/01/2020,08/08/2020,Puerto Rico,Male,15-24 years,0
08/12/2020,02/01/2020,08/08/2020,Puerto Rico,Male,25-34 years,
08/12/2020,02/01/2020,08/08/2020,Puerto Rico,Male,35-44 years,
08/12/2020,02/01/2020,08/08/2020,Puerto Rico,Male,45-54 years,15
08/12/2020,02/01/2020,08/08/2020,Puerto Rico,Male,55-64 years,0
08/12/2020,02/01/2020,08/08/2020,Puerto Rico,Male,65-74 years,0
08/12/2020,02/01/2020,08/08/2020,Puerto Rico,Male,75-84 years,0
08/12/2020,02/01/2020,08/08/2020,Puerto Rico,Male,85 years and over,0
08/12/2020,02/01/2020,08/08/2020,Puerto Rico,Male,All ages,23
08/12/2020,02/01/2020,08/08/2020,Puerto Rico,Female,Under 1 year,0
08/12/2020,02/01/2020,08/08/2020,Puerto Rico,Female,1-4 years,0
08/12/2020,02/01/2020,08/08/2020,Puerto Rico,Female,5-14 years,
08/12/2020,02/01/2020,08/08/2020,Puerto Rico,Female,15-24 years,0
08/12/2020,02/01/2020,08/08/2020,Puerto Rico,Female,25-34 years,
08/12/2020,02/01/2020,08/08/2020,Puerto Rico,Female,35-44 years,
08/12/2020,02/01/2020,08/08/2020,Puerto Rico,Female,45-54 years,
08/12/2020,02/01/2020,08/08/2020,Puerto Rico,Female,55-64 years,0
08/12/2020,02/01/2020,08/08/2020,Puerto Rico,Female,65-74 years,0
08/12/2020,02/01/2020,08/08/2020,Puerto Rico,Female,75-84 years,0
08/12/2020,02/01/2020,08/08/2020,Puerto Rico,Female,85 years and over,0
08/12/2020,02/01/2020,08/08/2020,Puerto Rico,Female,All ages,11
08/12/2020,02/01/2020,08/08/2020,Puerto Rico,Unknown,All ages,0
08/12/2020,02/01/2020,08/08/2020,Puerto Rico Total,All,All ages,34